time_s,spasticity,posture_instability,leg_weakness,dizziness,vision_impairment,headache
0.0,0.07450712295168489,0.7855989999536507,0.08865606199840186,-0.15262460463019129,0.974095191851052,0.08728720953931891
0.01001001001001001,0.12980999104067753,0.5746609070095404,0.16236138402240635,-0.030374055189782555,0.9988136450815772,0.08639757674848439
0.02002002002002002,0.3958735460753738,0.03523791831658951,0.23462269045750872,0.042493428964129595,1.000040005660833,0.04613070482109956
0.03003003003003003,0.6706249522335036,-0.3185967526668413,0.3047973010654552,0.2611060369523618,1.0134281596245516,0.09009729424895689
0.04004004004004004,0.5435104343539569,0.3929028449921472,0.3722610943393177,0.1853169548678632,0.9579932481005742,0.12198487245465235
0.050050050050050046,0.670832214698589,0.4097444919714426,0.43641405833807645,0.05979203577802561,1.0165257669641687,0.06177303642769615
0.06006006006006006,1.0589984309066458,0.7247790234214544,0.4966856270946681,0.22560378697173789,0.9173667495504152,0.1314544795315178
0.07007007007007007,1.040404264611406,0.5340940567683718,0.5525397551363583,0.07659965283551791,0.9793517116773339,0.11463324463253015
0.08008008008008008,0.9434188928567383,0.9314048371330851,0.6034796849854847,0.29378354427310005,0.9833497827244517,0.07797300034086888
0.09009009009009009,1.1677542060370107,0.03312736736661395,0.6490523652391991,0.16917637228391397,1.016747552529885,0.09575411087986459
0.10010010010010009,1.0722207156979426,0.9711477116199463,0.6888524799345301,0.19203144986756093,0.9981764230778035,0.147949654229231
0.11011011011011011,1.1091952412716148,0.39660515102481786,0.7225260533622522,0.2914940686281555,0.9550803556315586,0.12200643440517597
0.12012012012012012,1.2340387871806806,1.5521005304024253,0.7497735982689373,0.06215082551548365,0.9674472032224865,0.10026350964694444
0.13013013013013014,0.9105152213352222,-0.0911818888585369,0.7703527794475935,0.027587777639318523,1.002707147033169,0.09286950049117047
0.14014014014014015,0.919609212280053,1.5341138816261246,0.7840805690273527,0.06239032261174079,0.9941244762405599,0.10229827211354979
0.15015015015015015,1.056222979373988,0.5576511254206418,0.7908348742934126,0.15846544745204594,0.9788725229571739,0.08464709326173091
0.16016016016016016,0.9328372721042557,0.0701825443285298,0.7905556235596692,-0.08201090548463076,0.9815709823106366,0.03685751482842957
0.17017017017017017,1.058953306752758,0.05886101069874,0.7832453004364661,-0.2237631267684658,1.0166307856605243,0.16126533731604192
0.18018018018018017,0.7866779965609987,0.3949297007375285,0.7689689217417701,-0.06954299023538393,0.9799647183094191,0.10465974997598206
0.19019019019019018,0.607517945395533,0.7179363544713092,0.7478534592522282,-0.023782435509165638,0.9926025079243731,0.11194441795367611
0.20020020020020018,0.9227450083884406,0.906789868443411,0.7200867104369577,-0.0033271624950408224,1.0600930926374112,0.09826276750369274
0.21021021021021022,0.5414581496735916,0.2913988869401698,0.6859156282175772,-0.16363368086182403,0.952034265638227,0.07794649597826236
0.22022022022022023,0.44878936489345134,0.7321968430636143,0.645644124609321,-0.18153400593939426,0.9389392125472547,0.09442226557153688
0.23023023023023023,0.08135167497260212,1.8425108230674574,0.5996303677772915,-0.07233790949131726,1.0177519341882024,0.05201815713417067
0.24024024024024024,0.06514762057537136,1.4800620200785417,0.5482835965473924,-0.323648256262684,0.9736347021551709,0.16831259494159914
0.2502502502502503,0.012864709807196183,0.9841646442712193,0.49206048070315733,-0.2075909722904999,0.9841966179114652,0.06296464004732813
0.2602602602602603,-0.32694179095158815,0.896371072543977,0.4314610594394024,-0.15661754813194315,0.9700588021495601,0.06904101148458462
0.2702702702702703,-0.24601897091029945,0.9218068095188361,0.3670242940954273,-0.12429018470822181,0.9854492390202179,0.08679222386840799
0.2802802802802803,-0.5357722440569026,1.1559577495589448,0.29932327472103293,-0.18280212842750035,1.0409491363558834,0.13864227174557134
0.2902902902902903,-0.6256906265299766,0.13770720494548666,0.2289601231073691,-0.11507934843471444,1.0168065965012862,0.10043526997787963
0.3003003003003003,-0.7992568338415593,0.7197150486177217,0.15656063761422617,-0.2875704697079182,1.0183591978491018,0.06291592611908614
0.3103103103103103,-0.5470196586785916,-0.25140600170018024,0.08276872742179514,-0.10769466295501609,0.9497554305684629,0.13763015082272018
0.3203203203203203,-0.929711935777151,1.122509204067483,0.008240685707756913,0.017699337712360604,0.9574573798954059,0.12193001880356444
0.3303303303303303,-1.1745105077394575,1.2900250044942054,-0.0663606473168777,-0.05898867586537902,0.906569381957179,0.11615304871649358
0.34034034034034033,-0.9645859785167887,0.6717261904534396,-0.14037177960017108,0.06289020842166858,0.9672100668590089,0.12147202723512522
0.35035035035035034,-1.3260158869569947,2.0566705337851894,-0.21313446823902865,0.131561697716013,1.019942336832811,0.17183085701747353
0.36036036036036034,-1.1484213221041315,0.20124237915549342,-0.28400157378389723,0.10380876398974147,1.0064993864634422,0.16555284685108337
0.37037037037037035,-1.491920308507488,-0.0011259113022178968,-0.35234281579116444,0.1767870042283994,0.984095342852177,0.07939853970990116
0.38038038038038036,-1.3964861343702781,1.062840876989228,-0.4175503784343173,0.11350382209690324,0.9898214819789489,0.14871654978433457
0.39039039039039036,-1.148098231523903,1.4280284147056665,-0.47904431631846967,0.19586227459439015,0.9695736739629781,0.11149504569276701
0.40040040040040037,-1.0286175814264649,1.9062240390707732,-0.5362777124198337,0.27682966121265734,0.9961327564620435,0.11497287448413249
0.41041041041041043,-1.057437711024345,0.6525794496519088,-0.5887415422762576,0.24942176616559486,1.0127160881241581,0.04923187505070015
0.42042042042042044,-1.0271295991182965,1.5741922114601596,-0.6359692011675222,0.19174153431559834,0.9410128858671752,0.09488842703835412
0.43043043043043044,-0.9656305881651119,0.965294159036703,-0.6775406540213906,0.2513184202750499,0.9982286698743598,0.07561529228990306
0.44044044044044045,-1.038380688181417,0.81317561236756,-0.7130861711368273,0.2784037154013883,1.016962035117629,0.12484176444679929
0.45045045045045046,-0.8078123079067342,1.6077871428181392,-0.7422896164994758,0.03869355628111448,0.9762857300698377,0.13213241501208417
0.46046046046046046,-0.6411058749796817,1.383705259896321,-0.7648912594436532,0.2711592772705127,1.009509506852106,0.037765409469510666
0.47047047047047047,-0.27657712260516343,0.04912065182519798,-0.7806900846544021,0.1224611031460568,1.0726778715724148,0.0993389540798719
0.4804804804804805,-0.2398618790190356,1.8578130045526504,-0.7895455799648177,0.15057641608820163,0.9848577041983813,0.13365584514382756
0.4904904904904905,-0.40751499378781814,1.8400238424189532,-0.7913789860482738,0.17693743039440768,0.9995369492378975,0.09439963113059666
0.5005005005005005,0.05615991538850075,0.6906690040962905,-0.7861739968909898,-0.06522330101528635,0.9653457749776457,0.12187190935007094
0.5105105105105106,0.10027200454030125,1.1675666006346426,-0.7739769048150498,-0.048826627701419455,0.9926747721152988,0.11053496402881252
0.5205205205205206,0.20448579163447927,1.2416915076718662,-0.7548961887620629,-0.0503417469779888,1.000795135736456,0.11024980695857879
0.5305305305305306,0.5409294432349526,1.1275099077262236,-0.7291015494992026,-0.12246849848760427,0.9925820069448409,0.09186055065795108
0.5405405405405406,0.7398838609507541,0.5540476690737676,-0.6968224003283443,0.05037812148274415,0.9558956268952208,0.06350257587592872
0.5505505505505506,0.8517339320725743,0.5189016439162382,-0.6583458267216886,-0.18069689022919452,0.9924270893759998,0.06635409557724918
0.5605605605605606,0.7017154782905188,0.9285256268190668,-0.6140140330305357,-0.1745527878525384,1.0298518641475152,0.12128057543365953
0.5705705705705706,0.8836946182778395,1.7491127184944757,-0.5642212989757647,-0.12525872029813756,0.9991948086711715,0.1005837476655665
0.5805805805805806,1.067547154605897,1.3152929519789323,-0.5094104729884988,-0.24238988103924367,1.0143451011576408,0.09584463266178327
0.5905905905905906,1.2358862409238092,0.7528929880109291,-0.45006903358860106,-0.17539287458713743,0.9781248761348564,0.08728329873032943
0.6006006006006006,1.072157871176122,1.481562820662556,-0.3867247538304665,-0.10883187922253448,1.0074819921676963,0.09084433463557745
0.6106106106106106,1.1525865049159594,-0.779886074740238,-0.3199410073758146,-0.14462236239502355,0.9931127698812305,0.1314073538346442
0.6206206206206206,1.0322330401437227,1.649553581171936,-0.2503117579405034,-0.10305074586776183,0.9559571625938675,0.08994267754395921
0.6306306306306306,1.017566362301299,-0.13512000570544602,-0.17845627667840697,-0.11009813460569887,0.9937898643782005,0.059768058600952946
0.6406406406406406,1.2987751740231774,0.7077327065721072,-0.1050136344850789,-0.15662335864300542,0.9542330840807747,0.1223095532662052
0.6506506506506506,1.3416337645573775,0.171654041437293,-0.0306370182057527,0.02588994708629144,0.96474732548719,0.0938537000840585
0.6606606606606606,1.070711736418084,-0.0966093574168446,0.0440120787016056,0.1782938198185618,0.9891633327022546,0.1009418759659833
0.6706706706706707,1.158268455234052,1.5454213196329525,0.11826973938089913,0.07790758967026708,0.9921505614346369,0.14822734919198532
0.6806806806806807,0.9722847607066131,0.6763793024870829,0.19147552834580867,0.13245514862803245,0.9473060090306692,0.0993831832794848
0.6906906906906907,0.7170652397868318,1.1078585421813,0.26297836528496765,0.20599434949111156,1.0143523058682191,0.10867551019356177
0.7007007007007007,0.7509760801405903,0.8568005855135903,0.33214231566374175,0.0820640194103145,0.9996426708314967,0.06463229526105024
0.7107107107107107,0.7993953520784277,1.1738995215110017,0.3983522466219478,0.34859470692883066,0.9610903791639057,0.0934099164294712
0.7207207207207207,0.4262525697069514,0.8222537484873851,0.461019297864883,0.2521205828290219,0.9358544380885067,0.11828578135625804
0.7307307307307307,0.5224390085693842,-0.005419129585703439,0.5195861188904548,0.38397576235717773,0.9773845943592888,0.053338787984762735
0.7407407407407407,-0.2536502686631844,1.2757215816065848,0.57353182597337,0.20563878799059168,0.9681031700656467,0.10602535279347129
0.7507507507507507,0.1119644889852093,0.38389728876700185,0.6223766348197768,0.4135865401247074,0.9846254449428219,0.1030237321793442
0.7607607607607607,-0.1487173157721748,-0.20188453005097012,0.6656861276902845,0.3269129500087976,0.9700874811463139,0.10123862366762319
0.7707707707707707,-0.3545225858844991,0.4989352319298539,0.7030751170402753,0.29894620255274396,0.9205070249083804,0.1311147669597473
0.7807807807807807,-0.43891100068299643,1.5248322581704912,0.7342110713149106,0.25666262450385985,0.9688300723314458,0.11003315544545565
0.7907907907907907,-0.8866608506898377,1.085060052625406,0.7588170724303825,0.195355792944716,0.9710616568981809,0.14434215695069333
0.8008008008008007,-0.7480267279363025,0.37659903360565194,0.7766742786380496,0.2834730833021952,0.9989898107232017,0.07019231453217892
0.8108108108108109,-0.7767597570462931,0.39851670346086737,0.7876238708671499,0.16676328080868744,0.9587837394913983,0.10407773701655045
0.8208208208208209,-0.7107722926675192,0.22515834438100918,0.791568465235634,-0.03665422780920061,1.0298397196806564,0.10253400359169842
0.8308308308308309,-1.0975918781698708,1.5691473478537978,0.7884729791664824,-0.00514855237995035,0.9218800127096766,0.06792236518734762
0.8408408408408409,-1.2124044938106437,0.6645554856684153,0.7783649434064056,0.03253600680829513,1.0183140039130578,0.1286888500627404
0.8508508508508509,-1.2204309170121792,0.6119751906184041,0.7613342571718866,0.03637918459895091,0.9719991596023856,0.16974019917558453
0.8608608608608609,-1.043797850064731,1.000849512663855,0.737532388600257,-0.026473449312747574,1.0042660246487851,0.09948981776548507
0.8708708708708709,-1.149072266842795,0.5260865726599512,0.7071710276168597,0.045563185370000425,0.9806222727499901,0.11515063264821301
0.8808808808808809,-1.276188677812455,0.17386495161095605,0.6705202031994868,-0.23343940975757527,1.0121646440587422,0.10253555427445982
0.8908908908908909,-1.0991634306996088,0.33449073784888894,0.6279058817848204,-0.08571968166194477,0.9661068687911434,0.07859245990278474
0.9009009009009009,-1.1224350636623095,0.2895028451265306,0.5797070681762756,-0.2562259884932151,0.9445188647221431,0.04537719166593952
0.9109109109109109,-0.9345761120480486,0.2779464912420358,0.5263524347372718,-0.05680671712702588,1.019842355845359,0.07882679550713906
0.9209209209209209,-1.1109926825278753,0.7322408834595105,0.46831650884936815,-0.12488215386272303,0.9735725576005126,0.058241248571448065
0.9309309309309309,-0.964753923235498,0.15534902280700846,0.4061154525433499,-0.07642522464834017,0.9833734809354531,0.15112306234177353
0.9409409409409409,-0.8698721910050393,0.7071897961264615,0.3403024718385749,-0.16493232559639798,1.0135190338978204,0.09654670918230283
0.950950950950951,-0.9132181536202624,0.09899196090823002,0.2714628966191263,0.027073505530504416,0.9452675689633931,0.08962242012858489
0.960960960960961,-0.5209460093399354,0.22315708794740868,0.20020897480558708,0.034256642170733376,0.9938407029051537,0.12667461474363417
0.970970970970971,-0.38894493527009594,-1.1935979666758358,0.12717442712218152,0.028566440040938078,0.958028883031839,0.06634746691432337
0.980980980980981,-0.2833104338536466,0.4852103684234136,0.05300881088833442,0.006175974005713724,0.9715103948061443,0.07699407885986344
0.990990990990991,-0.1707507157211604,0.3016231162639162,-0.021628257037878046,0.10006787834018152,0.977393594186754,0.10204216807745864
1.001001001001001,-0.19721126990107246,0.6257740957958562,-0.09607296678414812,0.03546615029802637,0.9299683191315669,0.13086306974270442
1.011011011011011,0.1024160071523821,-1.844502564076632,-0.16966321928035408,0.19866283427963896,0.9513596134401117,0.11505055135506365
1.021021021021021,0.2619086350154913,1.1174602827398403,-0.24174451485937481,0.2989112463036185,1.0150066612468687,0.10744975427547647
1.031031031031031,0.3358261673650732,-0.0910515125082253,-0.3116757742700655,0.2865925099284632,1.0008099598817681,0.1023435320570805
1.0410410410410411,0.567618417529469,0.44117944333125475,-0.37883504033123394,0.17264304303501327,0.9720947866541569,0.11200707566580326
1.0510510510510511,0.7787105321912933,-0.652224647802391,-0.4426250095170754,0.28502821054326516,0.9810174274791105,0.10604958715387765
1.0610610610610611,1.1159748525504463,0.10496003923264785,-0.502478344277008,0.1719384942213371,0.9646461983043797,0.06910083175669193
1.0710710710710711,0.9610137746249657,-0.8024038161770823,-0.5578627188430474,0.33396960623598715,1.0139207247980626,0.10138237664899455
1.0810810810810811,1.060467523888388,-0.652528915862527,-0.6082855536480949,0.3301010658642857,0.9669623956391481,0.06778934023246744
1.0910910910910911,1.0815287569455172,0.9143926863326876,-0.6532983962480349,0.14324531715714878,0.9796779854867682,0.10243247628702472
1.1011011011011012,0.8584737068230882,-0.47024360485863287,-0.6925009097844036,0.19163851017614353,1.0068533767967345,0.08558056175535277
1.1111111111111112,1.177792222297267,-0.22458385190361846,-0.7255444335149237,0.24697211047036718,0.9489010776768451,0.17618144868348584
1.1211211211211212,1.2076092605638769,0.15391713863734174,-0.7521350837451031,0.22444450287534157,1.0187356475068787,0.09880316848744865
1.1311311311311312,1.565926420607221,-0.18317252984675897,-0.772036367581743,0.12526812461341297,0.9258078794294204,0.057872813012152344
1.1411411411411412,1.1465450145401714,-0.27950306334257047,-0.7850712862620375,0.22224612073201253,1.0203607354048554,0.09597459367969227
1.1511511511511512,1.1810164890318646,-0.27929028651707094,-0.7911239093516182,0.1770578627441656,0.960040953702662,0.11558076236913664
1.1611611611611612,1.0730150218880543,0.9388142211982758,-0.7901404058108712,0.10515988918552187,0.9636900085362126,0.15020091838457572
1.1711711711711712,0.8283192651160023,-0.6263241561419464,-0.7821295227593971,0.023260177993364675,0.9140204155852324,0.08231642800183846
1.1811811811811812,1.0845842129712542,-0.6232834870348608,-0.7671625076805604,0.13124022194097032,0.9568266289491397,0.05252716077929081
1.1911911911911912,0.9210606671672558,0.049935849831161006,-0.7453724747580284,0.1453105226133365,0.9390260242894137,0.12450511034292944
1.2012012012012012,0.8092630153803246,0.26549075849786546,-0.716953220979996,-0.05711053038786557,0.9517405796087658,0.058582038823010475
1.2112112112112112,0.4256245253799822,0.1590772728008905,-0.6821575025404791,-0.09440479920333002,0.9656003907460533,0.08691533675477546
1.2212212212212212,0.6349948895920224,-0.25867812383426664,-0.6412947868670684,-0.027860035024601118,0.9982032179036566,0.09227138543467019
1.2312312312312312,0.07013197573826074,-1.3710425747805655,-0.5947285002682596,-0.11144825640613684,0.975447319761238,0.09791099640099676
1.2412412412412412,0.21984101792104138,0.29447170217651103,-0.5428727956793122,-0.10295150153009908,0.9781992685710024,0.12067493371223006
1.2512512512512513,0.3097006970030492,-1.3539185988916242,-0.48618886925380156,-0.034622750883128384,0.9358531370533518,0.07949097153140838
1.2612612612612613,-0.3178300470795061,-0.6445590721829659,-0.42518085856046717,-0.2414456919754669,0.9420458457803865,0.09178812243499719
1.2712712712712713,-0.4019017026203422,-1.1161660129360598,-0.3603913588661571,0.028800461900058194,1.0221799687687576,0.09957188941151834
1.2812812812812813,-0.4447081823606531,-0.7543252961092136,-0.29239659738227797,-0.052283851678103746,0.9459119369250706,0.10448793872556364
1.2912912912912913,-0.6706125305386965,-0.5379225865029615,-0.2218013083942513,-0.0665561088371203,1.0174039652794367,0.10293481524123768
1.3013013013013013,-0.9537222756556679,-0.5835207980879238,-0.1492333548536965,-0.011262735888329415,0.9601756315010415,0.1130801732566774
1.3113113113113113,-0.8254746074381603,-0.5746673263683925,-0.07533814426806168,0.02640938269635383,0.9672858553015223,0.12531518528925212
1.3213213213213213,-1.096534118234016,0.1755107699824733,-0.0007728885518233294,-0.07268335625825799,0.9990779217738648,0.11177902346952905
1.3313313313313313,-0.9527696152367943,-0.543397846678233,0.0737992411087586,0.22339486092235686,1.0048734893748765,0.11360756570527655
1.3413413413413413,-1.2321636643131098,-1.0531462166324395,0.14771501239168766,0.14535634319364427,0.9631420896580939,0.052533304997605675
1.3513513513513513,-0.9149099209344697,-0.36036169900830584,0.2203170305190092,0.21466897517211014,0.9545689246105701,0.10150683097497042
1.3613613613613613,-1.2999067464115752,-0.18480896580114609,0.2909595850184129,0.2901618019383079,0.9642883525102995,0.11438522644004827
1.3713713713713713,-1.2470618991414442,-1.5321002083527857,0.3590143925665533,0.16357077416922688,0.9758544415626792,0.12186823583711351
1.3813813813813813,-1.0741161455829908,-0.6720538136022511,0.4238761848381365,0.3096978661528651,0.9922045760715582,0.07922947677298618
1.3913913913913913,-1.3592627963617272,-0.6390508374079749,0.4849680916633996,0.2713746152869074,0.9653421109850397,0.08022882175334066
1.4014014014014013,-1.100441856922018,-1.117765017601525,0.5417467716170219,0.37518013286705804,0.9835315539056596,0.08277697974149206
1.4114114114114114,-0.8804886379884138,-0.1320262061116721,0.5937072444078851,0.14510089479387378,1.013865506682843,0.1160924169967403
1.4214214214214214,-1.2426697830815656,-1.0458500507275712,0.6403873820911655,0.3081231170260431,0.9759037528324079,0.13101643164772625
1.4314314314314314,-0.8830128709818609,-0.882025747445887,0.681372019158683,0.2615212035179777,0.9735637998943576,0.08777619678125195
1.4414414414414414,-0.7664950440718218,-1.1048249927368103,0.7162966449530075,0.331193361986385,0.9183966392112619,0.12723886940881146
1.4514514514514514,-0.5702452748038287,-0.8598548869964256,0.7448506455656227,0.31473755897505745,0.8847918096088419,0.10370439427493783
1.4614614614614614,-0.7442382847844611,-1.7785170572987625,0.766780066386209,0.19541384616222784,0.9751147353403685,0.09627142668512692
1.4714714714714714,-0.6191125529842411,-1.9262966575781004,0.781889870733409,0.16521980725770063,0.960368486274787,0.09365847310546094
1.4814814814814814,-0.19844781004839546,-0.04986550114820873,0.7900456744791606,0.17986927809380474,0.9475194827155208,0.12239834093806472
1.4914914914914914,-0.08351325746065347,-1.6392746815455599,0.7911749412391527,0.08108707491594411,0.9700186188383031,0.1097673345036121
1.5015015015015014,0.060214693293238336,-1.6088926365040639,0.7852676274995571,0.18313459852065833,0.9606503505865552,0.16827476282942913
1.5115115115115114,0.22495194870609395,-2.1584625913659683,0.772376271942401,0.04939287359874675,0.9960456197312292,0.07698260061551859
1.5215215215215214,0.21859143112465085,-1.3794213187462858,0.7526155281751206,-0.18895250251668344,0.9645452880097313,0.12571152564285926
1.5315315315315314,0.4979775253685412,-1.7704954490372704,0.7261611450201353,-0.018905335491199916,0.9393040131596068,0.10689504589488305
1.5415415415415414,0.6423260764839895,-0.10710017872936992,0.6932484034335697,-0.10055867068120351,0.9911664486302402,0.11413574260562985
1.5515515515515514,0.616982774172155,-0.4303327540907378,0.6541700239549217,-0.1715296406391742,0.9546972789628252,0.16197464926173816
1.5615615615615615,1.1183290514945512,-1.424262098286109,0.6092735632984664,-0.15771604906965428,0.9767570614711302,0.19290033731327738
1.5715715715715715,1.0106156895869218,0.3512164287915521,0.558958323240701,-0.061158744512557366,0.9463883895249267,0.3068968387634226
1.5815815815815815,0.847076344987913,-0.27574475260203224,0.5036717992956603,0.03211087649982858,0.9409656538955374,0.2481455049502366
1.5915915915915915,1.1942766339026543,-1.1091702399718133,0.4439057007630268,-0.04630419288382983,0.9627352571157811,0.2574403035189764
1.6016016016016015,1.0022971766638256,-2.53804970583392,0.3801915775460506,-0.11004936581978739,0.9603448192662706,0.34014242987513904
1.6116116116116117,1.301119198698243,0.4551322482092376,0.3130960926336725,-0.008549424987269683,0.9741045207707146,0.31278991991061467
1.6216216216216217,1.3727080962967282,-1.7217747674749242,0.24321598229259644,-0.059132315208067505,0.9514000868601672,0.41732992021904275
1.6316316316316317,1.0727331757876473,-1.811734153592603,0.17117274879255429,-0.05003229269034473,0.9041184156960972,0.46710083262965335
1.6416416416416417,1.318361941546498,-0.1626336135377799,0.0976071328667911,-0.05452263811926113,0.9459757424513073,0.537934263989469
1.6516516516516517,1.1952432254974696,0.4940050418049782,0.023173415068796624,-0.06680840700781865,0.9825232627230231,0.5911879021298342
1.6616616616616617,1.19819669242148,-0.10808477970324465,-0.05146640329189443,0.0796329695286988,0.9495371760811653,0.5946193987104434
1.6716716716716717,1.2839826677670196,-0.6203175875374409,-0.1256484878810642,0.16162374960927628,0.9508167061327717,0.6522785945031037
1.6816816816816818,0.8714378850055607,-0.5033542810294374,-0.19871307537377278,0.17872826808214387,0.987549253135136,0.6796738648347934
1.6916916916916918,0.6896158238395844,-0.2747236508794731,-0.2700103412814506,0.18867177554009623,0.9363485108899401,0.7129464175622542
1.7017017017017018,0.5509952242496526,-0.27151920175848177,-0.3389061793845881,0.17854925328256332,0.9111733609101704,0.797986252035303
1.7117117117117118,0.43298164481594126,-0.6242089228813661,-0.4047878413697186,0.33076835575780683,0.9523882736214424,0.7896785102678884
1.7217217217217218,0.40594295882102593,-0.7301213343448608,-0.4670693865126865,0.19930339890081217,0.9424317384194948,0.8514953774935873
1.7317317317317318,0.3242385140737951,-0.7719174256878664,-0.5251968929395876,0.38320187047285786,0.927719317114109,0.8665700737464807
1.7417417417417418,0.1658118164981885,-1.2444021842108046,-0.5786533841173039,0.250700213871751,0.9511951027794958,0.9414817591758394
1.7517517517517518,0.09766382664393193,-0.7044466274651667,-0.6269634267582095,0.27342201148231365,0.9709513756236098,1.003351336753452
1.7617617617617618,-0.1747678417624832,-1.8248889620419286,-0.6696973592460667,0.21191260121676775,0.9556772991089215,0.9300536403694524
1.7717717717717718,-0.10619995348694206,-0.7013509150343804,-0.7064751129761445,0.2778510349996992,0.9649151378862928,0.9285549864796051
1.7817817817817818,-0.5063169992953567,-1.064367142679001,-0.7369695926232176,0.3781809004494445,1.009857686410918,0.990524153064103
1.7917917917917918,-0.1936079361166838,-1.2700591237588799,-0.7609095852738748,0.3177305296550623,0.9449188393584783,0.9998331469332756
1.8018018018018018,-0.6332909493515073,-0.49046302931430574,-0.7780821725498102,0.32606500112715187,0.963305413994295,1.0059219922572618
1.8118118118118118,-0.9697320375835576,0.24923916172028285,-0.7883346242690441,0.2568928132065345,0.9394283038267307,0.9808811441675748
1.8218218218218218,-1.1025175249728516,0.0055730289310748395,-0.7915757568031769,0.09135099740539372,0.9290636628578453,0.9781263620017692
1.8318318318318318,-0.9553542527855374,-1.3365520399911086,-0.7877767440496654,0.1161708327463668,0.9366569746016711,0.9801265921697704
1.8418418418418419,-1.1308457371330753,-1.247400884294991,-0.776971373806461,0.043001108388119116,0.9395911968083034,0.9805213605548023
1.8518518518518519,-1.0424873406647726,0.23833822869617308,-0.7592557472688628,0.17577437969003024,0.9644879776301175,0.8663398004775832
1.8618618618618619,-1.1126969203488257,-1.1238885215882117,-0.7347874243212096,-0.06008071784679833,1.0239257270544762,0.885357109372514
1.8718718718718719,-1.209997327533826,-0.5478561290573659,-0.7037840222250401,0.07712298286915323,0.931721900114928,0.8703484483289751
1.8818818818818819,-1.3225345505485262,-0.06692950799082913,-0.6665212801667716,0.05173817429861677,0.940454193784489,0.8003467935874643
1.8918918918918919,-1.400293370440103,-0.8670622060785813,-0.6233306068784805,0.10696779860184955,0.9508090123093653,0.840624497606903
1.901901901901902,-1.1990573607359505,-0.3679535929377503,-0.5745961331428622,-0.08554682983549425,0.9643264179137448,0.7277259977996229
1.911911911911912,-0.9447448366087128,-1.0366596372728336,-0.5207512953968788,-0.002335654819451756,0.9601087265608458,0.7014187091428951
1.921921921921922,-0.9652561971593023,-0.4417130018863675,-0.4622749808190012,0.12372641633312678,0.9904748257703955,0.6734776778472703
1.931931931931932,-1.0926360898797567,-0.12940084606441046,-0.3996872681849804,-0.10064246820950995,0.8789099395856454,0.5919879436136182
1.941941941941942,-0.773889956941171,-1.1220048825828215,-0.33354480237230477,-0.15965794149009493,0.8798435553455813,0.5065820432128663
1.951951951951952,-0.623521696354325,0.06095144673857365,-0.2644358436517071,-0.16657601595751406,0.9363248560408968,0.5012366166936166
1.961961961961962,-0.6845838203085032,-0.09692751159673924,-0.19297503579655872,0.06710169999580518,0.9838699565772622,0.4975032908386098
1.971971971971972,-0.39090947466168224,0.24508688643248708,-0.11979793954169354,-0.1096478219138722,0.9037312597525328,0.40998176989361657
1.981981981981982,-0.26065838259818885,0.026454478531459366,-0.045555380010214266,0.0457111038246187,0.8602214802596377,0.34963609199323636
1.991991991991992,-0.2919997500971955,0.8323587953846164,0.029092341618700904,0.14733353665355067,0.9673355823867765,0.35972227463538914
2.002002002002002,0.08385439851949429,0.22577198368775175,0.10348132072045935,0.16507629268461327,0.9572596666610313,0.28142241852282535
2.012012012012012,0.2645674651319612,-0.23518773533461804,0.17694995388416918,0.2219381217188625,0.9169934474957168,0.23836505501122615
2.022022022022022,0.4903194708064538,0.20008818178601007,0.24884482310516368,0.24172662660060837,0.9198832614278215,0.22383531480151914
2.032032032032032,0.6281631710697125,0.3229788186443079,0.31852650717782083,0.35942491068375404,0.9201068876101589,0.21190226921962993
2.042042042042042,0.3982450617560273,0.08449642088560583,0.3853752686031825,0.21006615083579883,0.9522650084731672,0.2337520693247637
2.052052052052052,0.5894656692057944,0.22494602911785455,0.44879656543287694,0.2561666557498042,0.9299092404132085,0.16503143544501186
2.062062062062062,0.9211009049781196,-0.10872497916427852,0.5082263390279517,0.266682133374402,0.963270366017714,0.15756627518087876
2.0720720720720722,1.0212851270827399,-0.14480007399014336,0.5631360307041257,0.4065369447609687,0.8625593983110664,0.09498948861232434
2.0820820820820822,1.1069253499727334,-0.6115877291213575,0.613037282646274,0.416834569172986,0.922242391994114,0.07177329672635402
2.0920920920920922,1.6767579177984109,1.3349859244200815,0.6574862812829365,0.3784787851442171,0.9139160788703662,0.10186994048857369
2.1021021021021022,1.236297610273555,-0.5310596213768458,0.696087704491623,0.4276298762158497,0.9397572270962727,0.1032150974577879
2.1121121121121122,1.3546317600908822,-0.022408358774524142,0.7284982375290942,0.22261140336652818,0.931055764442493,0.06764461775906208
2.1221221221221223,1.3423156282783573,0.013857285568372998,0.7544296264165342,0.4280510695196099,0.97088226034382,0.09474116410287962
2.1321321321321323,1.2928923269427948,0.9040737220239997,0.7736512416232779,0.38906020710309,0.8909165935468949,0.11197952805157393
2.1421421421421423,1.1249750637377387,0.21728567421732092,0.7859921292481267,0.2942712819178547,0.9478111907363691,0.11081180185054242
2.1521521521521523,1.2446683369151728,1.2299198393750148,0.7913425314553835,0.34301388452460563,0.9629462888925474,0.11512863560152818
2.1621621621621623,0.9555872475988463,0.048662990384065824,0.7896548626430862,0.03106461412303324,1.0016453690428047,0.1087289419041233
2.1721721721721723,0.9597441428190971,0.6770091784050283,0.7809441326615658,0.08415525994461853,0.9312427165628914,0.08478974022189834
2.1821821821821823,0.8304909540231813,0.20837198272565657,0.7652878133182963,0.030533078299325667,0.9551792035760209,0.08458298120053472
2.1921921921921923,0.8093311538746856,1.835093506699061,0.7428251493563094,0.11236290842016167,0.8910793114183243,0.06403145806018373
2.2022022022022023,1.0254082651194971,-0.147858001741785,0.7137559200342303,-0.06079982009842583,0.8731862588155542,0.15354325117555284
2.2122122122122123,0.2685619843261307,0.7524727636016195,0.678338662322232,0.056779680472941664,0.9700379259681456,0.1004035109385788
2.2222222222222223,0.5133632005469803,1.0825890959657931,0.6368883715165213,0.08415897371468045,0.9442776356350023,0.09325440832615445
2.2322322322322323,0.023803618107422736,0.9003374377958228,0.589773699722697,0.014610614447663595,0.9795495748881469,0.07213623755642624
2.2422422422422423,0.04600924217354639,0.5265426505859232,0.5374136771242349,-0.02712828177980455,0.9027418572748516,0.18806973706983335
2.2522522522522523,0.1293839598453645,0.7399041881728106,0.4802739851965814,-0.13066335147196953,0.9592907578795563,0.06780015903331314
2.2622622622622623,-0.17453765941114016,0.8736704488252844,0.4188628150123003,-0.11409969147671438,0.999507978659759,0.0871345622318178
2.2722722722722724,-0.49315197794428645,0.6185776413246096,0.35372634747279524,0.06580435434770404,0.9557843614439111,0.11247510508858181
2.2822822822822824,-0.5808581596883227,1.2040680028476978,0.28544389566472755,0.046846105076424206,0.9512403881106744,0.11800638897232833
2.2922922922922924,-0.5062119784217253,2.201463200054208,0.21462275254420143,0.005859040018930881,0.9429493751174233,0.12873796165647053
2.3023023023023024,-0.8426855730120787,0.42398172815823254,0.14189278977254363,0.004984752216336645,0.8953159987286651,0.1542282552330779
2.3123123123123124,-0.8140556921378461,0.07251014250126811,0.06790085574079802,-0.09029635327692123,0.9828593802635026,0.11518472966382137
2.3223223223223224,-0.9397057049335852,0.6376371654851025,-0.006694977394052268,0.02218490342372051,0.9236162127477899,0.06831907600099998
2.3323323323323324,-1.1293411483577669,2.4836821451164006,-0.08123126649518406,0.2983084593775762,0.9568261893831822,0.09229164624634656
2.3423423423423424,-0.778767588756416,0.30072950069212817,-0.15504509800067767,0.08062836520171211,0.8945504122443039,0.10923497117541656
2.3523523523523524,-1.0566414198761247,1.9362684259227896,-0.22747998376828002,0.23468739162397761,0.9058074012559578,0.16204678124517471
2.3623623623623624,-1.4886709401467877,1.9157243937523252,-0.2978916997735524,0.33409189685671514,0.983993562917608,0.058065835647271094
2.3723723723723724,-1.1713777301794692,0.5122209644763349,-0.3656540157329455,0.1833703964515523,0.9302716220219553,0.13607729515675682
2.3823823823823824,-1.2941079357634635,1.2413325799567299,-0.43016426469351227,0.3240377266232925,0.9840387047217167,0.1053974310863925
2.3923923923923924,-1.043588020949882,1.97534354870524,-0.49084870305418715,0.40411719656875406,0.9378432704184347,0.12513491605688443
2.4024024024024024,-1.2484327174003087,0.7343565840341558,-0.5471676133475201,0.34353207092153215,0.8846830067512043,0.09694015850092205
2.4124124124124124,-1.0870172734579762,0.8869853316130152,-0.5986201043985319,0.5786024432653267,0.9664517176816413,0.07472702109621022
2.4224224224224224,-0.9174056744762092,0.7795543889118495,-0.6447485661688965,0.21515797192182265,0.9217426699067712,0.12252618338203997
2.4324324324324325,-0.7709434871777506,0.24356187159508208,-0.6851427396657535,0.42579647426926304,0.9601498535947004,0.11963293081316864
2.4424424424424425,-0.9742695488542099,0.7235066051374957,-0.7194433657180793,0.3129323380793355,0.9396952649651414,0.12916170897219165
2.4524524524524525,-0.7252681352382677,0.2628485947079388,-0.7473453801689793,0.3678847721993822,0.8923951418504026,0.09960086093864094
2.4624624624624625,-0.6165346924079962,0.9416019462300531,-0.768600627066401,0.31526003788722784,0.9433672813995555,0.08200533930040452
2.4724724724724725,-0.5048754294796698,0.42785388200425034,-0.7830200657215709,0.19050693201182292,1.004074882452772,0.05323639014928476
2.4824824824824825,0.002788456548588447,1.1236279876828084,-0.7904754520059556,0.23315658472366546,0.9527275316933717,0.12458119804418219
2.4924924924924925,-0.05229542694900847,0.13991649550216917,-0.7909004789335643,0.02957448144447844,0.9359621550975238,0.11271668447331959
2.5025025025025025,-0.15140196404731532,1.1882933055662184,-0.7842913663844326,0.18882890074954078,0.9696977394961444,0.07102652101408123
2.5125125125125125,0.32558700901248366,1.6202372635812219,-0.7707068947243916,0.12711310246655338,0.9435072411432806,0.08384278980110128
2.5225225225225225,0.6534388895032903,-0.3148376441524984,-0.7502678820221116,0.11869754460766213,0.9432229638448207,0.0859972356414568
2.5325325325325325,0.6318974491833642,1.2182485455634444,-0.7231561095129616,0.1195167595925834,0.9039379315219136,0.05551046704052747
2.5425425425425425,0.38349630544754376,1.6274918665999456,-0.6896127048664408,0.035619177392404375,0.9434518772101245,0.075469528101846
2.5525525525525525,0.6634793701900522,0.2897080760909889,-0.64993599763613,-0.005504773534932783,0.9672494886786945,0.06598508929580937
2.5625625625625625,1.039231647041796,2.0552413405304457,-0.6044788659654519,-0.10546737901895305,0.9108540713729352,0.0876256296433619
2.5725725725725725,0.8427059468552935,1.191872342563879,-0.5536455981471813,-0.10303343700432312,0.9784205603230941,0.07783907505011312
2.5825825825825826,1.1000967077490102,0.3351893555728255,-0.497888296949513,0.04475691192230516,0.9326842547110816,0.05118985237399754
2.5925925925925926,1.2180544362707293,0.9404439174645849,-0.43770285868799585,0.06769150559472686,0.908552099839029,0.16067770691708444
2.6026026026026026,1.013743552170073,1.3184333652115094,-0.3736245628048358,-0.056312158984158214,0.9648638972425423,0.13757622193087693
2.6126126126126126,1.1765616689189426,1.016015642140549,-0.30622331118108864,-0.01700093827722584,0.9260808576125366,0.07662941735440043
2.6226226226226226,0.7132744292557556,1.3488280762188793,-0.23609855952256917,-0.07042884335916641,0.9572198810590177,0.1081726418996083
2.6326326326326326,1.040826330440672,0.2763501492256224,-0.16387398589886296,0.12361617078576057,0.9254314252164281,0.11252395269463886
2.6426426426426426,1.1327437842692327,1.0572948284036277,-0.09019194385261364,0.11512669870982656,0.9321391496280369,0.13573257564320432
2.6526526526526526,0.9411076115569836,0.13436417726385408,-0.01570774941218061,0.2523886524147832,0.9484904898137124,0.07544184920019764
2.6626626626626626,1.3129537005760323,0.6632235544897447,0.05891614718190666,0.06387099883152841,0.9421603451611336,0.1327632035194728
2.6726726726726726,0.7765095704621561,0.33966515708799,0.13301605320100943,0.14147119598784774,0.873317229769631,0.08356284087379195
2.6826826826826826,0.8323024649974451,0.35812974842406675,0.20593293620295203,0.22699459174315112,0.8992956207301012,0.059924127874941606
2.6926926926926926,0.8110033748359922,1.5574302728769407,0.2770182853587406,0.29484845786719227,0.9605649822264072,0.12172409677943492
2.7027027027027026,0.8881607367250345,1.4865973214065693,0.3456398792017922,0.2571756537441493,0.928468334765386,0.13872275272367285
2.7127127127127126,0.3265493129753599,1.1114076293016268,0.41118740850222324,0.23142617163836204,0.9164702430990396,0.17763726920592054
2.7227227227227226,0.5777984562739038,0.05558849232141372,0.4730779042573162,0.39318702037059056,0.8911747114742077,0.0640082420472936
2.7327327327327327,0.2598807280470458,0.5572931694705797,0.5307609225224512,0.39558938679575617,0.8992895920434062,0.12096759055242368
2.7427427427427427,-0.03794107043321708,1.363922128939996,0.5837234399695074,0.27308838026380927,0.8707774722325731,0.08770596268619402
2.7527527527527527,0.02781326576531514,0.6991294746407263,0.6314944166324105,0.4562786903222493,0.9281427596201353,0.12350076131572094
2.7627627627627627,-0.1617749590090348,2.1241419224402036,0.6736489852595458,0.435816567694161,0.9129778035134996,0.05588531346306249
2.7727727727727727,-0.42876987614258255,0.7988398792636662,0.7098122300135816,0.34040113941274414,0.9016830439511212,0.06211690672904308
2.7827827827827827,-0.4700176866528604,0.7991980750093134,0.7396625209115987,0.3170209782523409,0.9283867276753918,0.0767237553050055
2.7927927927927927,-0.6724429530730011,0.45748830117036343,0.7629343743495374,0.330181253154138,0.9410992991057624,0.10236892137004254
2.8028028028028027,-0.7220635024929225,0.5226989539947282,0.779420814269949,0.18720578820044215,0.9927258678962283,0.08076756200384935
2.8128128128128127,-0.752537469575153,0.40906578036893976,0.7889752129731877,0.22496040877668794,0.8843231770927833,0.1197716303174026
2.8228228228228227,-0.7132593464682159,1.0487121470029963,0.7915125952001847,0.01409919963197459,0.9642108607284451,0.13080683854773745
2.8328328328328327,-1.2211085947671427,0.9968892401731825,0.7870103938885015,0.21873520635539634,0.9583722260096313,0.11798732623736068
2.8428428428428427,-0.7833935514698056,-0.03483779469907711,0.7755086508800921,-0.0140446107227188,0.905556146747628,0.14856362918982605
2.8528528528528527,-1.4466387422249256,-0.31578817498943895,0.7571096607957102,0.19466446621768882,0.9347757573162596,0.1124747988836603
2.8628628628628627,-1.2088374330155047,-0.6214277709129034,0.7319770612432885,0.01404503679928465,0.9146994309483,0.063493098689795
2.8728728728728727,-1.1113237402219893,0.6735204138553553,0.7003343774518201,-0.006670067511952673,0.9337488355907403,0.1409012954061502
2.8828828828828827,-1.1519683943800647,-0.3501320496351187,0.6624630342745407,-0.06533787571959128,0.9732018583300645,0.08184531293182008
2.8928928928928928,-1.2631983439825312,-0.8477717164347716,0.6186998532423182,-0.05784271427430175,0.9458458646566171,0.1273125549905671
2.9029029029029028,-1.1582027506973136,0.6725900134341358,0.5694340569280667,0.06539498503555267,0.9426856786244308,0.1472120264966532
2.9129129129129128,-1.1403167801816527,1.8443000754060004,0.5151038072648437,-0.253544215208,0.9142678975785379,0.11370064032191197
2.9229229229229228,-1.0773027008656693,0.24296828797900202,0.45619230860530413,0.04828145836319217,0.8824052269791969,0.055115235605060514
2.932932932932933,-0.7683623114405139,0.64757513987728,0.3932235101812293,-0.01914592735326249,0.9204226303604643,0.07245363500470627
2.942942942942943,-0.7349993394282741,0.16095373376199107,0.3267574461847832,-0.12829913445479477,0.962624671072344,0.13968233400655408
2.952952952952953,-0.7727763308030731,0.12973244112671722,0.2573852549160076,-0.09707157806688184,0.8803611404784868,0.09492631943071551
2.962962962962963,-0.4036190349255705,0.7010106615889868,0.18572392129549548,0.14925234708667043,0.8942732448806251,0.10238720604826498
2.972972972972973,-0.3536728255589802,0.02276908539803331,0.11241078950143385,-0.02975452894725833,0.9294637077626977,0.12276473248490828
2.982982982982983,-0.13272998559316682,0.2659064698390906,0.03809789453475714,-0.012180308503465964,0.8958857818800076,0.12088968586240971
2.992992992992993,-0.011082363804740272,0.09478364350305207,-0.03655383687350194,0.20750727305471994,0.9013994717617189,0.10836399437156383
3.003003003003003,-0.0790757804238576,-0.32613253499389094,-0.11088046443642925,0.18097000353464793,0.9122169674730797,0.09373994886338603
3.013013013013013,0.11133105856856175,0.47451036009605024,-0.1842209392875192,0.11580811098677403,0.8837061525489702,0.09061994662802929
3.023023023023023,0.4544499200573444,-0.20795946769401932,-0.2559229832411696,0.24339894914643917,0.8952007690379333,0.1257369647587403
3.033033033033033,0.575499126795794,-0.5370212430278098,-0.32534889004814727,0.17624482555715557,0.9452770116777934,0.11660708593203381
3.043043043043043,0.614748709194351,0.3467473253183755,-0.3918811970506524,0.3744609808560353,0.884702830456995,0.09228099998146633
3.053053053053053,0.759659525795775,-0.4561877911629066,-0.45492817679417663,0.39424112275632406,0.8757375096388286,0.13246336938979422
3.063063063063063,1.0461604768854886,-0.13137840231533218,-0.5139290997546978,0.36884862539948166,0.9045226740374066,0.0961289765461065
3.073073073073073,0.8647222563695537,-0.24768189236023413,-0.5683592213753278,0.3655848168835447,0.9451318382484686,0.0744501347699682
3.083083083083083,1.1194031137273406,0.4362382219485418,-0.6177344490585626,0.48093833942615966,0.9170152686830162,0.07723087903289967
3.093093093093093,1.0744979777983499,0.0675221835256576,-0.6616156476066453,0.3363048431691772,0.9087352403292042,0.07063777491070704
3.103103103103103,1.1222044305998762,-0.35894330018396964,-0.6996125448181877,0.23108167380146172,0.9237531863478906,0.09182769950188939
3.113113113113113,1.3514536635142012,0.2863531752988745,-0.7313872025052782,0.3442736769033904,0.8698009491863826,0.1370117283500858
3.123123123123123,1.3234787014726705,0.475300925842932,-0.7566570220604443,0.4518683561199016,0.9367630915351729,0.07584714456908474
3.133133133133133,1.315764508779199,-0.03165635961604209,-0.7751972578424335,0.17527283099910818,0.933174722613781,0.10565427283054309
3.143143143143143,1.3647680775996343,-0.3752075690840091,-0.7868430160271872,0.1948056191854787,0.9091421671985498,0.08029931963117762
3.153153153153153,1.1288331685203146,-1.2161691335282374,-0.7914907211465323,0.22125619559454518,0.9513489065250637,0.09219072876185688
3.163163163163163,1.166923674984571,-1.0623908857240745,-0.7890990372714519,0.1460517007216408,0.8870960379523297,0.05469876364044244
3.173173173173173,0.9402154044295544,-0.7501116379984324,-0.7796892356470773,0.03372946234137979,0.9545079404682777,0.09338385312530388
3.183183183183183,0.9419122079393699,-0.9546148262428311,-0.7633450055097123,0.16487513124916592,0.925055230388278,0.09418883860585114
3.193193193193193,0.7661817799725357,-0.7705471110069032,-0.7402117097684557,0.22571178972015285,0.910073592473825,0.11620863832107087
3.203203203203203,0.6802528200098542,-0.5267465672460141,-0.7104950921712714,0.024179342072339037,0.9193237108588705,0.10669842739766112
3.2132132132132134,0.624457624637626,-0.24072142194823642,-0.6744594474537441,-0.09094990766185168,0.9164517266953415,0.06404823625143866
3.2232232232232234,0.27347455799597964,-0.6508708734819979,-0.6324252707449466,-0.1642000987218603,0.9560279063119509,0.1325259473213063
3.2332332332332334,0.5648284108778948,-0.24303649278081613,-0.5847664071361803,-0.03509531440953975,0.8868687953450387,0.10630909120665986
3.2432432432432434,-0.04913549785434214,-0.6537019015977974,-0.5319067267639026,0.023868979135960477,0.8960433417445209,0.1059518055153246
3.2532532532532534,-0.23117253124701287,-1.8460772437919428,-0.47431635497806196,-0.028099154064712875,0.9497577554308431,0.09972452939844584
3.2632632632632634,-0.025363952857446304,-1.3868853738665012,-0.4125074911241481,-0.06089562275944744,0.9005523703629027,0.08446727658333342
3.2732732732732734,-0.22722162423222744,-0.8742922616359134,-0.34702985312601037,-0.095562514608347,0.9451841604881159,0.10653407019246179
3.2832832832832834,-0.3937764161075464,-1.447220824581691,-0.27846578838455777,-0.11708957646912489,0.9689009974081791,0.11426765307785748
3.2932932932932935,-0.5268640461646158,-0.36856845264775534,-0.20742509447525004,0.061510034796649446,0.9056138168594186,0.04759312925963336
3.3033033033033035,-0.7468594097389273,0.07986000210682193,-0.13453959570821294,0.09713653616504288,0.9378582872146766,0.08383717487961714
3.3133133133133135,-0.9917441194352987,-0.10735726277102868,-0.06045752378619466,-0.06651653219438544,0.8825563987269714,0.09235159088789233
3.3233233233233235,-0.9443739476768557,-1.099371743483276,0.014162247462171075,0.22004673631958704,0.9395589158589511,0.10768511817082835
3.3333333333333335,-1.1408047412681435,-0.0001520577389963057,0.08865606199840112,0.1758295082391854,0.9226493862462697,0.13579933017781376
3.3433433433433435,-0.9600263076096083,-0.7208871847069573,0.1623613840224076,0.2789104360297211,0.9306075648812228,0.07684777556209654
3.3533533533533535,-1.1779348362980169,-1.0519749050675542,0.23462269045750922,0.0952749961103527,0.8967990040051044,0.08506114459546474
3.3633633633633635,-1.3110174471030684,-1.2372637182279551,0.304797301065455,0.12646063559824305,0.8660834134489007,0.08462397668060351
3.3733733733733735,-1.2479571893646602,-1.0994118066036251,0.37226109433931676,0.2530779332943809,0.9307632276081508,0.07595417229686376
3.3833833833833835,-1.1314074287649896,-1.1659778020453293,0.43641405833807734,0.32961840499836753,0.8535133208410317,0.08958440514663213
3.3933933933933935,-1.2526462198277994,-0.895014363113412,0.49668562709466757,0.4517522993001855,0.9056446503978891,0.12312406659963915
3.4034034034034035,-1.2477026984558899,-0.8020554714826273,0.5525397551363593,0.37674549561037407,0.9431503709075141,0.06838493513906964
3.4134134134134135,-1.026331208352047,-0.9277247432507127,0.6034796849854833,0.30617688733144754,0.9204215967408558,0.11283443185458711
3.4234234234234235,-0.9478581044621943,-0.6696773425831426,0.6490523652391991,0.24172317178337044,0.9728646937581088,0.04894293309944994
3.4334334334334335,-0.9668045264004028,-0.30590795767480994,0.688852479934531,0.41342736232366994,0.9449174387416174,0.08315986010673383
3.4434434434434436,-0.8535027896688991,-0.5867917587582738,0.7225260533622516,0.22229291280426805,0.8942969622641466,0.09011532099346042
3.4534534534534536,-0.6277528850200396,-1.79249395378314,0.7497735982689375,0.40796993284118027,0.9144830650592068,0.15024579018742196
3.4634634634634636,-0.7490164839975495,-2.5640793481396558,0.770352779447593,0.22770007244017842,0.9119922923370803,0.09175593085741937
3.4734734734734736,-0.6037632151858076,-0.5049597173302223,0.7840805690273527,0.3459391264220644,0.8656978602627793,0.03396269579647246
3.4834834834834836,-0.35504548688189347,-1.7633030171725896,0.7908348742934127,0.23784027834903754,0.8847009454183823,0.04003333279416251
3.4934934934934936,-0.13002359499262922,-1.1660113465930666,0.7905556235596695,0.13521984368972567,0.8958398354532668,0.10102088759040044
3.5035035035035036,0.0994506572665558,-1.6172123331121795,0.7832453004364663,0.0664081616396568,0.8513257973267343,0.11841312567369727
3.5135135135135136,0.4241044169286501,-2.0309267527865575,0.76896892174177,0.04293132709032865,0.9135869662097115,0.1112636757288176
3.5235235235235236,0.4782316994109592,-0.6177073565939217,0.7478534592522291,0.06849746297565923,0.9044397565723207,0.10502710317402972
3.5335335335335336,0.4668495908343819,-0.6482393164697322,0.7200867104369579,0.007473791621964882,0.8614748446223144,0.13486778792517
3.5435435435435436,0.6214892231924933,-1.2396087201745511,0.6859156282175793,-0.07494474425457828,0.9235377973697313,0.08381226337788605
3.5535535535535536,0.5975975968301848,-2.519605756235633,0.6456441246093221,-0.0642418057765277,0.93263734350189,0.12684731668080476
3.5635635635635636,0.8570157377804788,-1.3374167948133626,0.5996303677772914,-0.06225143923147835,0.9177219452768576,0.051039553449207485
3.5735735735735736,0.9147230505712649,-0.7268528001270949,0.5482835965473948,-0.24977530096543799,0.9009386154043916,0.07285156501185802
3.5835835835835836,1.0895199692518343,-1.9951678082116975,0.4920604807031585,-0.04678727578970363,0.928153674962966,0.04578875815204552
3.5935935935935936,0.9836660775003263,-0.8143746792123238,0.43146105943940183,-0.15868801511974864,0.9305667709744608,0.09175464097990624
3.6036036036036037,1.234786393315557,-1.0390328768787929,0.3670242940954299,-0.1624841967296144,0.9191320170015006,0.09861216348200973
3.6136136136136137,1.417647695818927,-0.6976134223742676,0.29932327472103365,-0.1885296876101834,0.8849212921466169,0.1034230447667956
3.6236236236236237,1.1835064900814316,-0.9755661327706175,0.22896012310736813,-0.1744087007322599,0.9177074323747448,0.10185650058661407
3.6336336336336337,1.2532011873027686,-1.4079876217027227,0.15656063761422861,-0.11154431688948974,0.9450235786839235,0.07217340007564817
3.6436436436436437,1.2707388644004594,-0.23229222102004676,0.08276872742179552,-0.02790564348958871,0.8910100371505569,0.09429277466760354
3.6536536536536537,1.0628624958816992,-0.8581564354193915,0.008240685707760785,0.21998193617665507,0.9715968388326316,0.05507659994182755
3.6636636636636637,1.0947412118820954,-0.9299507409152704,-0.06636064731687595,0.05827552297488749,0.8926394803888469,0.14089686925396752
3.6736736736736737,0.9843298853562618,-1.551359303358279,-0.14037177960017147,0.15158782077385924,0.9091303685583623,0.09089121781305998
3.6836836836836837,0.9028814508246605,-1.193361904616026,-0.2131344682390256,0.20548890875822104,0.8877333400277178,0.08533341642868927
3.6936936936936937,0.6640316400860591,-1.2525192739226734,-0.2840015737838963,0.2177755025752463,0.9143557827352654,0.1476682098533225
3.7037037037037037,0.663087299823811,-0.9183626829440313,-0.3523428157911655,0.23146809131518623,0.8551407566283492,0.06273260399352312
3.7137137137137137,0.6031180792083619,0.20021147815769474,-0.41755037843431503,0.16784572229720648,0.8907759031926555,0.06623238657904093
3.7237237237237237,0.6067472957505016,-1.573343062062118,-0.4790443163184692,0.3998424217559036,0.8741432708964498,0.06711339025394306
3.7337337337337337,0.38747556634489355,-1.6702967615782502,-0.5362777124198306,0.44239256143056926,0.9107168070934254,0.09796385854901554
3.7437437437437437,0.41722233450554314,0.25122688284377603,-0.5887415422762561,0.17048035614242285,0.9362398276716736,0.11294894888912793
3.7537537537537538,-0.17168641765596931,-0.7084333302520537,-0.6359692011675221,0.22339283211988256,0.9255363417695928,0.12219026404353502
3.7637637637637638,-0.07567128380889751,-1.1061051082217566,-0.6775406540213886,0.27606668863658784,0.8347561250801392,0.17715985952484908
3.7737737737737738,-0.3256897255223831,-0.13451353897070867,-0.7130861711368266,0.20755906722375714,0.966917745243492,0.03251702637397709
3.7837837837837838,-0.1658110579101394,-1.0246665340276229,-0.7422896164994761,0.30506750069648897,0.9142638036240314,0.11826206767373251
3.793793793793794,-0.7488060046622358,0.5129820295913664,-0.7648912594436525,0.18048476426477178,0.8818601809403651,0.08328608282283306
3.803803803803804,-0.8768824885492847,-0.24842095079365795,-0.7806900846544021,0.38128856074821715,0.9096187424746331,0.0824075455333368
3.813813813813814,-0.9523298466588452,-0.9214525644320962,-0.7895455799648179,0.2689107838485941,0.9099403493297354,0.08140683615238367
3.823823823823824,-1.2788739458313068,0.7962424058519714,-0.791378986048274,0.15369809571520338,0.8843989428958575,0.07273690987576081
3.833833833833834,-1.121846843174511,-0.8659588131686312,-0.78617399689099,0.18060661768205027,0.9100916541744164,0.15053574503810357
3.843843843843844,-1.223066114725824,-0.02325572624450707,-0.7739769048150509,0.14873829977588762,0.8856797352752946,0.1278182597158554
3.853853853853854,-1.1353220944622555,-0.32427393917623665,-0.7548961887620638,-0.02163761587482823,0.891522793872953,0.11086435393868124
3.863863863863864,-1.1370057078228644,0.34784793539741055,-0.7291015494992028,-0.07593314772371285,0.8828150293307508,0.16330154876383846
3.873873873873874,-0.9184542202377157,0.47701850749931723,-0.6968224003283462,-0.03463844029988925,0.8601730144609636,0.0948384832563229
3.883883883883884,-1.049966337878602,-0.2663343260847899,-0.6583458267216897,0.0026952770533874293,0.9072779970093644,0.12237950943285952
3.893893893893894,-1.2528709996920417,-0.6964338162875823,-0.6140140330305356,-0.07467392966955058,0.9202116357481427,0.12344073096522566
3.903903903903904,-1.2564725887028358,-0.16904157988275054,-0.5642212989757676,-0.2250702561526971,0.9178489102846936,0.1983691959079212
3.913913913913914,-0.9855720195435683,-0.7481527068011781,-0.5094104729885003,-0.16935723697497507,0.9267499097312092,0.25852083522187524
3.923923923923924,-1.1783042256845828,0.8515787978170878,-0.4500690335886054,-0.11018390227366599,0.911632108202348,0.2944314227414869
3.933933933933934,-0.6109694230806586,-0.17614642751460347,-0.38672475383046934,-0.1024248984636662,0.8856698867051445,0.3364323656821039
3.943943943943944,-0.6001954398566844,-0.4010644116223643,-0.31994100737581566,0.07604898214523603,0.926591317334337,0.33269741610502324
3.953953953953954,-0.7266309984080626,-0.14931736512489666,-0.25031175794050775,-0.1718384799844131,0.8604256249558931,0.4441832659755914
3.963963963963964,-0.7819977919119201,-0.9949934301969164,-0.17845627667840938,0.005695771327273072,0.8738807594255265,0.47380889970796847
3.973973973973974,-0.1824231562961626,-0.7449571147361178,-0.10501363448507928,0.11504205197412817,0.8717246485079533,0.5360878809450926
3.983983983983984,-0.25706959905765914,0.6865351607552044,-0.030637018205756573,0.21163450539547232,0.9328020821745797,0.5051963693192971
3.993993993993994,0.09518996929713765,-0.4074563252044044,0.044012078701603854,0.03367953711036164,0.9284338055743524,0.6190712130416087
4.004004004004004,-0.17881066438311405,-0.6733069760374026,0.11826973938089952,0.14225698076537258,0.9145190570112498,0.6211640577444758
4.014014014014014,0.12032947845917967,0.3801494233099058,0.19147552834581105,0.18489597307260158,0.9318075456060035,0.6907377921765727
4.024024024024024,0.3575823589583382,0.7430901506132194,0.26297836528496665,0.18946916853112727,0.8730209159270398,0.7628192411655764
4.034034034034034,0.5047648263912047,0.5163570429443157,0.33214231566374275,0.19732899976572663,0.9096070027449785,0.7914222168415614
4.044044044044044,0.5632648424357041,0.8694321166800277,0.39835224662195057,0.26726892250128154,0.8951436660474039,0.8023398773324069
4.054054054054054,0.8472914866068951,-0.17783934867659967,0.46101929786488277,0.05172235864972663,0.9240551117651961,0.8641223791962758
4.064064064064064,0.7048975983021134,-0.7571457137745093,0.5195861188904562,0.32473021869605856,0.8949416714218325,0.8504792330861485
4.074074074074074,0.9411909085528598,1.1977946553460666,0.5735318259733728,0.28948212960602016,0.8865998614958457,0.9594992854640806
4.084084084084084,1.0628890249549394,0.13240033146613484,0.6223766348197766,0.2638184873058254,0.9141251534547276,0.9431499131905696
4.094094094094094,1.1877965678148275,0.048958090302310256,0.6656861276902855,0.4404922688878201,0.9239327226633846,1.002657778181212
4.104104104104104,1.2656086896917607,1.1836720402939684,0.7030751170402745,0.2109184784725361,0.8773470415519934,0.9683495903536509
4.114114114114114,1.0200932845076376,0.8076426099647304,0.7342110713149108,0.21427181097986028,0.8953148770065759,0.9785634799724076
4.124124124124124,0.969810188230009,0.5638688768730082,0.7588170724303833,0.3815062468824558,0.8651436778876473,0.9764366094554074
4.134134134134134,1.383755128146149,1.6346348232002554,0.7766742786380496,0.12617595023527156,0.8217048161218584,1.0256474310053352
4.1441441441441444,1.2152892045213897,0.13282498957629918,0.78762387086715,0.11520176620684201,0.9024101853388082,0.9729878249047508
4.1541541541541545,1.008091135849531,1.044003433508752,0.7915684652356341,0.11099186041362177,0.9144133068337852,1.0034834039389875
4.1641641641641645,1.2902547708601444,0.5715020388568879,0.7884729791664826,0.15189363632896613,0.9037579001684977,0.9576277079234736
4.1741741741741745,0.9954389649274448,0.7086872166115727,0.7783649434064057,0.06280233200593878,0.8371587941130146,0.8900295347787086
4.1841841841841845,1.0600322585904987,1.4952156050153977,0.7613342571718877,-0.09469029768159122,0.8848699124931011,0.9078818415535377
4.1941941941941945,0.7843598953379481,0.7715159381509076,0.7375323886002574,-0.06901327827943002,0.8285947123436127,0.8610520461125724
4.2042042042042045,0.9622042262901914,1.0051821503504228,0.7071710276168595,-0.10666996492438569,0.9359859281245205,0.8649512662212133
4.2142142142142145,0.7849328237517528,1.3603857697183204,0.6705202031994879,-0.09128954375846027,0.8620630071811021,0.7921738446555517
4.2242242242242245,0.3445838355989052,0.4102699843862213,0.6279058817848211,-0.07253298346147033,0.9320565026781913,0.8164686616753225
4.2342342342342345,0.3819255724043944,0.1642272629523908,0.5797070681762742,-0.088357738031718,0.9225202334546685,0.7440560183958942
4.2442442442442445,0.18352548674247826,-0.05516831047635559,0.5263524347372734,-0.27232354141999815,0.866876183317812,0.6973296099103514
4.2542542542542545,0.14117264483818384,-0.42217964966139093,0.4683165088493676,-0.04650092957000407,0.8596600951056114,0.6764737790756291
4.2642642642642645,-0.3586885244765876,2.0175624049336642,0.40611545254334813,-0.10571055283073842,0.9039044998849836,0.6386436952999508
4.2742742742742745,-0.2574893341343367,0.0920229906751345,0.34030247183857554,-0.0026118194407575013,0.867813422027651,0.5613762720939092
4.2842842842842845,-0.3423853816203252,0.7362186802216686,0.27146289661912565,-0.05893047937846758,0.8959674321576391,0.49096024351463396
4.2942942942942945,-0.8977927494587328,0.6055373802626589,0.20020897480558908,0.018212645860028687,0.878157814918435,0.41340098567743466
4.3043043043043046,-0.9342851029509329,1.0465035299498535,0.12717442712218216,-0.0032337190718254166,0.8389576399584234,0.3995071309861153
4.314314314314315,-1.1735366475378255,1.2424919286760259,0.053008810888332245,0.10016768215692484,0.8252281015684084,0.35651275363756685
4.324324324324325,-1.0052075816070123,1.3659290586792194,-0.021628257037876034,0.06976507405365062,0.8986924193467298,0.3351638319400764
4.334334334334335,-0.9390640992539898,0.5037986838940115,-0.09607296678414753,0.05686453982463224,0.8747949092517229,0.2809912589693761
4.344344344344345,-0.8867007286719388,0.8005515182160483,-0.16966321928035488,0.28306891984326094,0.8747986968839674,0.2743078685822755
4.354354354354355,-1.1487260760066842,1.0371191919286256,-0.24174451485937296,0.2075082069938728,0.9120170563139547,0.20096213397349916
4.364364364364365,-0.9450060041671293,0.7508472202281736,-0.311675774270065,0.2146535922396757,0.9260941591898643,0.18706852792547804
4.374374374374375,-1.4069781337735299,1.9536167185216282,-0.37883504033123594,0.0950964450378829,0.8824642989997864,0.197820286668694
4.384384384384385,-1.4471728728717146,1.1944024886710443,-0.44262500951707384,0.11762029526974986,0.8801724291830945,0.15046910863393814
4.394394394394395,-1.1728693834582489,1.2578678761646596,-0.5024783442770088,0.26175905907708047,0.9051444311335566,0.12096994993857149
4.404404404404405,-1.0613969476347522,1.4929366311351682,-0.5578627188430452,0.2611554687464424,0.8491818227989026,0.09211014132390469
4.414414414414415,-1.0606978071938278,1.7786709876025846,-0.6082855536480947,0.20464329748695137,0.8963342312820706,0.083552398003989
4.424424424424425,-1.2860129372744584,0.9771781290660085,-0.6532983962480354,0.2622160617686142,0.905945968544054,0.07448160241144157
4.434434434434435,-0.8939463962589934,0.255938413059969,-0.6925009097844028,0.3681663622237963,0.909546045391668,0.08376979402651302
4.444444444444445,-0.9670155566995764,1.1843825424196857,-0.7255444335149236,0.28014030021976183,0.8307863078138149,0.12266997516232944
4.454454454454455,-0.5494720835333227,0.6200455566751708,-0.752135083745104,0.11050915630211089,0.8657979805443705,0.09334335186123194
4.464464464464465,-0.4632408867014287,0.7001428492766496,-0.7720363675817427,0.16477565035733907,0.8620404908036844,0.059506807918563075
4.474474474474475,-0.5193310942397041,1.3298522273847846,-0.7850712862620377,0.07679601544791007,0.8911347467704145,0.15304507879179352
4.484484484484485,-0.3095689390847778,1.6790808638405388,-0.7911239093516182,0.07438690197560695,0.9023102252809274,0.1095989557343549
4.494494494494495,-0.24183688179708793,0.9573700888146366,-0.7901404058108714,0.03447453615080008,0.932538949861017,0.05779169798460493
4.504504504504505,0.05848819442957255,1.1119043260876278,-0.7821295227593972,-0.00922422856240555,0.8725384229763452,0.0867445321827753
4.514514514514515,0.3609335111223658,1.9537437498815347,-0.7671625076805613,-0.10939954229286449,0.8722099621878607,0.10332659148485254
4.524524524524525,0.21613583121922048,1.1361110642678827,-0.7453724747580287,-0.05526084136057815,0.9213770474532493,0.15113776279892133
4.534534534534535,0.5801823932507351,2.497869426869316,-0.7169532209799959,-0.12279240765966198,0.8955339447925458,0.06675662625223393
4.544544544544545,0.5576440773993205,1.3840942061271346,-0.6821575025404804,-0.340894936306769,0.9244159317220255,0.1292812215806784
4.554554554554555,0.6407902462728369,0.04787099740099994,-0.641294786867069,0.03438652543832488,0.8947979762264313,0.1419845928091703
4.564564564564565,0.8541998445192909,1.3851000127342326,-0.5947285002682583,-0.05998343490933253,0.8511723873244877,0.0811403708477629
4.574574574574575,0.8117493919862956,1.220528445675657,-0.542872795679314,-0.18776485493565157,0.8456417849923015,0.091674591434193
4.584584584584585,0.9654884480931966,1.778727429968621,-0.48618886925380106,-0.15972991546050228,0.8388400179136175,0.0689107225787869
4.594594594594595,0.933785148867484,1.3978357271747681,-0.42518085856047017,-0.2514466863671737,0.9049966901778893,0.09389616576759086
4.604604604604605,1.4555114280142072,0.8694898207778751,-0.3603913588661577,-0.01159699452262597,0.9205427895774951,0.09890230076971207
4.614614614614615,1.1950848451126215,0.2607069572489702,-0.2923965973822773,0.02152252664337101,0.940115498876226,0.11978949994247112
4.624624624624625,1.095027823171969,0.8374961414201462,-0.22180130839425327,-0.094831754431846,0.9096775443540815,0.1327055041306134
4.634634634634635,1.223312610870358,0.3025497580032703,-0.14923335485369713,0.0024624490472983512,0.9190192914601837,0.0775571180613506
4.644644644644645,1.146771630535601,0.6197365713881757,-0.0753381442680595,-0.03342044733384754,0.8664833939042733,0.04098024807322017
4.654654654654655,1.084492907421842,1.3084030926424828,-0.0007728885518253417,-0.11954309572582619,0.848941159131318,0.09936265662171274
4.664664664664665,1.1461197793058358,1.8100328058785558,0.07379924110875802,-0.009120158112200669,0.90888576335591,0.10880612589905922
4.674674674674675,1.0873219802625333,1.0930116779229893,0.14771501239168433,0.07107731950855657,0.8956635557003152,0.10748253063055126
4.684684684684685,0.7984352191804382,0.17348729116955167,0.2203170305190073,0.0597878826690913,0.8861062141131096,0.09019980257472869
4.694694694694695,0.682077775910932,1.0687173497315638,0.2909595850184137,0.1119218457184222,0.8942537770516222,0.10374256298991805
4.704704704704705,0.6054897122595151,1.604058458462704,0.35901439256655043,0.15178483347363142,0.8920779468561286,0.14546334425056742
4.714714714714715,0.169536250164455,0.6042305246238372,0.42387618483813605,0.1776430099187773,0.9206466379277389,0.11145202506887528
4.724724724724725,0.1474873937480044,0.6176781430471184,0.4849680916634004,0.20772337498489554,0.9207314494263905,0.08879894724990747
4.734734734734735,0.4338167141563547,0.6385210452871596,0.5417467716170206,0.13181400661850856,0.8979582422018421,0.08499406548712014
4.744744744744745,0.3259349493771344,0.27205062466758406,0.5937072444078849,0.1656124763279507,0.9067554675582692,0.09490442926966808
4.754754754754755,-0.10901276379330407,1.1431591387656295,0.640387382091167,0.11945298973625565,0.8965530077038745,0.1491021988549192
4.764764764764765,-0.13488862370582266,0.5825207278146158,0.6813720191586821,0.2926192717173425,0.8670457889198423,0.09450097871421409
4.774774774774775,-0.32090130034660785,1.0179662424635465,0.7162966449530082,0.031289616071425524,0.9033275708780248,0.09940616966437876
4.784784784784785,-0.04616466599955504,-0.013813593807313868,0.7448506455656217,0.27103600261467964,0.8385455283146025,0.08553059287191092
4.794794794794795,-0.4724410757673607,0.3938941438116054,0.7667800663862091,0.263036218234431,0.9117468766990066,0.13296950072325894
4.804804804804805,-0.7818261417353772,0.9604668018058409,0.7818898707334092,0.09661716728878136,0.8440441916868988,0.15879511764234025
4.814814814814815,-1.0161794359777185,0.46335931931233054,0.7900456744791609,-0.12243300124226433,0.8882037282334716,0.11351839148294166
4.824824824824825,-1.2102323089272016,1.7185472572092957,0.7911749412391529,0.019510697331501986,0.8540247606265946,0.10248318711356277
4.834834834834835,-1.0198463354332907,0.19479508029296072,0.7852676274995574,0.004744020055106042,0.895730798621362,0.10110348499522705
4.844844844844845,-1.2283209793378802,0.5592068009111059,0.7723762719424017,-0.10930560798808467,0.8778611221010416,0.028470796336427642
4.854854854854855,-1.3750915999221935,1.0686701430168575,0.7526155281751209,-0.10648391865155139,0.8307859498837287,0.12235452592854452
4.864864864864865,-1.2872664549470314,-0.47008864349898766,0.7261611450201368,0.02314154735287692,0.8909993673089328,0.10402499247987532
4.874874874874875,-1.362230717136476,-0.6770716120198758,0.6932484034335709,-0.07611261971020034,0.8607905048231468,0.11285026151982176
4.884884884884885,-0.9376827159248922,-0.5595495959723242,0.6541700239549214,-0.22829703855486871,0.9043122795022789,0.07865613417748886
4.894894894894895,-1.0304469763409627,0.9282064050448684,0.6092735632984687,-0.3013024098828435,0.8776673982896598,0.08846629363068725
4.904904904904905,-1.1174547731918185,-0.03789605190372477,0.5589583232407016,-0.2123090501726678,0.8892400069390186,0.08766925190490482
4.914914914914915,-0.8301939094462807,1.7438722187924238,0.5036717992956598,-0.20895226081489032,0.8484000584766708,0.13064868952219116
4.924924924924925,-0.9598801498617499,-0.14432368902216253,0.4439057007630286,-0.15081277499612467,0.8591969099340561,0.08863720490190721
4.934934934934935,-1.0046263395458646,0.42920879422248837,0.3801915775460512,-0.22495390819520675,0.8628674675435941,0.16247980966329395
4.944944944944945,-0.5370796813132901,0.9968449027625549,0.31309609263367183,-0.12614621763712427,0.902077450783653,0.11292587257045113
4.954954954954955,-0.5627290653321638,1.4097534797602322,0.24321598229259977,0.00892269086674044,0.9264474387602908,0.061729520200128056
4.964964964964965,-0.6670000579958937,1.3244288230977945,0.1711727487925563,-0.05414395746885725,0.8517207233235896,0.0961436112024413
4.974974974974975,-0.3997300753791857,0.7811763964418886,0.09760713286679593,-0.0923707740168828,0.907931069965356,0.08044974633530753
4.984984984984985,-0.3564227220587187,0.7248208365233201,0.023173415068800052,-0.06908950350894587,0.8102850528436043,0.034168525905399275
4.994994994994995,-0.2828439076980281,0.39844331214326195,-0.05146640329189385,-0.04690258816875428,0.8392994430923564,0.1479841282034137
5.005005005005005,0.21435058018311798,0.49694264642050545,-0.12564848788105948,0.1128200104305347,0.8461115211892717,0.12109427626660013
5.015015015015015,0.5114924801215189,-0.3004102263067957,-0.19871307537377092,0.004252390148576701,0.8340493639414029,0.11599621953697939
5.025025025025025,0.16139413759376772,-0.5959614722737189,-0.27001034128145057,0.09214151015041833,0.826866722680747,0.10496210980899114
5.035035035035035,0.5958585203505055,-0.1608473247496907,-0.3389061793845838,0.12347987141488398,0.886514091488258,0.05853947293922688
5.045045045045045,0.5459691865165837,-0.32996414756449993,-0.404787841369717,0.10574689691315435,0.867451842942038,0.0854914858133369
5.055055055055055,0.6924794853390297,-0.5100691547588505,-0.4670693865126827,0.057268939835344396,0.885005785551777,0.1252534232435204
5.065065065065065,0.7865746207107907,0.4507725704719675,-0.5251968929395862,0.20796653147920705,0.8940875539570188,0.06846339910652494
5.075075075075075,0.8418867805569168,0.43908279563699826,-0.5786533841173027,0.1856283922367591,0.8810916329182992,0.024046920512475617
5.085085085085085,1.0594637744715059,-0.31917268683813865,-0.6269634267582067,0.23189495602178092,0.892605768157384,0.09318681976657221
5.095095095095095,0.9916163595326681,0.4863955567743902,-0.6696973592460658,0.14345964024875316,0.8705366540353545,0.09574727337917384
5.105105105105105,1.2032614637503525,-0.9706939790269924,-0.7064751129761451,0.2711601802202534,0.8367625707232,0.10406690249244128
5.115115115115115,1.1832182447684056,-0.426227610903932,-0.736969592623216,0.08419000690767399,0.903856547546746,0.1218555593054361
5.125125125125125,1.1641563095643552,-0.7692292581394599,-0.7609095852738745,0.2662700154157721,0.8541985078884381,0.11912817436693626
5.135135135135135,1.0541459730044125,-1.5522196819721248,-0.7780821725498104,-0.04053685223006849,0.8435537326587488,0.10776309415731765
5.145145145145145,1.075237843897294,-0.49999336524046983,-0.7883346242690439,0.10004805231144463,0.8660338350972394,0.1358659416426013
5.155155155155155,1.228177051419097,-0.5151786794298827,-0.7915757568031772,0.06649220499590293,0.8437367935422257,0.05443090657560057
5.165165165165165,1.125503458957034,0.41903196776435603,-0.7877767440496659,-0.07352331839348067,0.8583479594111879,0.11513745443432172
5.175175175175175,0.8226320741687916,-0.32202473730273695,-0.7769713738064616,-0.014464027260002718,0.8809422382675246,0.11879615090010828
5.185185185185185,0.8877482157020425,-1.1824050431143447,-0.7592557472688635,0.016543527796894567,0.8808206225477542,0.06281313141759283
5.195195195195195,0.8753465715190352,0.4688361722897992,-0.7347874243212116,-0.2981371213957149,0.8431852181273511,0.05491388173952833
5.205205205205205,0.38996652031433926,0.1457014966647694,-0.7037840222250412,-0.11190868185413724,0.8552387086814076,0.07762173620573196
5.215215215215215,0.5895008161248363,-0.037690834562362746,-0.6665212801667713,-0.37821044077573085,0.901849609762727,0.08015375672454124
5.225225225225225,0.2681952596862749,-0.7564778491255993,-0.6233306068784836,-0.27699455570050746,0.8842613729013876,0.12260258390507293
5.235235235235235,0.3069619684531673,-1.274304843814745,-0.5745961331428637,-0.08406071855037045,0.9313710702995753,0.08156383648926716
5.245245245245245,-0.0428315156215158,-0.8460458235336719,-0.5207512953968826,-0.26876229366361737,0.9042727140811146,0.07430954445156389
5.255255255255255,-0.34992210745162233,-0.026819922069289855,-0.462274980819003,-0.31688416541090353,0.9029474106754168,0.08165098789916322
5.265265265265265,-0.47291693972214466,0.42416764609497004,-0.39968726818498224,-0.2324974302490116,0.8267323118546943,0.13355897002462636
5.275275275275275,-0.36755331107858247,0.21352683875889897,-0.3335448023723092,-0.03811018869201335,0.8910339286671208,0.10039130123130857
5.285285285285285,-0.47586604961656515,-0.9097766355313179,-0.2644358436517091,-0.3306478695244972,0.8662746638169605,0.09462246923929264
5.295295295295295,-0.7823949605979109,-1.5624828574535106,-0.192975035796558,-0.24320159100550925,0.8510881635114701,0.09669983503896845
5.305305305305305,-0.6726616431910234,-0.6962785400741891,-0.11979793954169835,-0.009619573258856193,0.8724078275833432,0.13876181002979568
5.315315315315315,-1.1272384006623515,-1.971524918702009,-0.045555380010216286,0.05246448731445043,0.8954734631554616,0.07752484820190275
5.325325325325325,-0.9836077935525367,-0.6148320929751441,0.0290923416187017,-0.06879758011002414,0.8818918145969932,0.13946524872820312
5.335335335335335,-1.2356472042636875,-1.0312094643000869,0.10348132072045459,-0.12294992760702475,0.8402624025763548,0.10631488896764511
5.345345345345345,-1.21541376352215,-1.1972840292181302,0.17694995388416723,0.18027254076048307,0.888640133774145,0.09518741854073957
5.355355355355355,-1.156511037291762,-1.8789471896189767,0.2488448231051565,0.1749987809884959,0.8469884898538372,0.17502701493802844
5.365365365365365,-1.3202776290528158,-0.5256496228256261,0.3185265071778165,0.1337357615085067,0.8723663594347945,0.06833081530604213
5.375375375375375,-1.2576699810053307,-1.1704743278590621,0.38537526860318083,0.042375064776573365,0.8565151135913016,0.08938942721298983
5.385385385385385,-1.0388513909346968,-1.7374787970956949,0.44879656543287305,0.12633822167143421,0.8587993778132966,0.06302706282508
5.395395395395395,-1.2473364385052204,-2.6654495888238543,0.5082263390279481,0.13442601826390826,0.8881024043663304,0.1285738591160851
5.405405405405405,-0.9881130159460423,-1.029442066149566,0.5631360307041243,0.1841824429510147,0.833659053270388,0.15067566800955035
5.415415415415415,-1.2179918720939236,-0.0022304035469187383,0.6130372826462711,0.2773155544902571,0.9229704668429226,0.15009768344213917
5.425425425425425,-0.8875651136619127,0.006713109991612429,0.6574862812829356,0.2280141602326444,0.8097317822855294,0.13671846259438014
5.435435435435435,-0.6540191054137993,-1.2784356764093447,0.6960877044916196,0.06089492108788619,0.8461840836164684,0.09407138596612104
5.445445445445445,-1.1304678461312798,-1.152538877777043,0.7284982375290925,0.23997095252337197,0.874970220562116,0.08904277067530461
5.455455455455455,-0.7567170084757632,-0.6743229138173283,0.7544296264165338,0.13158961230764096,0.881143038606673,0.04986490682517806
5.465465465465465,-0.418014596845975,-1.7033610210632533,0.7736512416232765,0.1329090603805917,0.8603490917462122,0.16107620605545378
5.475475475475475,-0.3944515460760065,-0.8611402002206859,0.7859921292481262,0.16237173558141255,0.8613913920230668,0.11406934234445404
5.485485485485485,-0.16199028204149796,-0.45760172909366126,0.7913425314553837,-0.07993770742608974,0.8751793654226914,0.08524129285391552
5.495495495495495,-0.1584878370279273,-0.0966645156065703,0.7896548626430866,-0.03185346434243041,0.8556805282888822,0.13984170666960904
5.505505505505505,0.09594332163466583,-1.1868215378253089,0.7809441326615668,-0.11008015350990721,0.9041578001004096,0.07081706449719999
5.515515515515515,0.20913731617546444,-1.2714104751445723,0.7652878133182971,-0.23083164931752687,0.8872925855390602,0.11219866102668023
5.525525525525525,0.5535164355395663,-1.3738987781812284,0.7428251493563114,-0.11345653570772002,0.8880465923920309,0.09482112597127497
5.535535535535535,0.5563937501111403,-1.4587340062396679,0.7137559200342314,0.027228167597980468,0.832626909910499,0.11916031419640903
5.545545545545545,0.7005633651691037,-1.195131469414809,0.678338662322236,-0.3489960566427892,0.8589797086291903,0.09809279382441637
5.555555555555555,0.7095635867054673,-0.7216181220327068,0.6368883715165243,-0.22709055113969479,0.85209713264949,0.056472163266663274
5.565565565565565,0.8074374567211972,-0.6415700007952622,0.5897736997226986,-0.18983277317432623,0.8306928195901769,0.10226729118010114
5.575575575575575,0.9110128940955304,-1.4535835393326682,0.5374136771242386,-0.24109118966715462,0.8714155361289836,0.13146592425626086
5.585585585585585,1.1149614163364596,-0.04223151161299084,0.4802739851965854,-0.2628233468888759,0.8442309876269658,0.09912350782438045
5.595595595595595,1.0558590928526066,-1.0439737070608022,0.41886281501230216,-0.3534510820006494,0.8797722250056171,0.12325345364767258
5.605605605605605,1.2080034571582148,-1.0393994253863292,0.35372634747279963,-0.21971888107051968,0.8277541129730299,0.0686341154297784
5.615615615615615,1.5029756267652563,-1.3762306912435767,0.2854438956647321,-0.28122602282810777,0.9111808279948642,0.09921217620190444
5.625625625625625,1.33063162055605,-2.4517037254428455,0.21462275254420884,-0.37239453475923506,0.8324693796015975,0.08126468634734269
5.635635635635635,1.1403948061776479,-0.3597217653214606,0.14189278977254843,-0.07318666091822534,0.8656881792251222,0.1224094252031413
5.645645645645645,1.3400223813942438,-0.5266547434758969,0.06790085574080003,-0.05971437162411937,0.8826146381705009,0.10094474686785988
5.655655655655655,1.0508429805331094,-1.0842445141283652,-0.006694977394044628,-0.09714126405942541,0.8414893957026053,0.12070221029009838
5.665665665665665,0.740976757346709,-0.9070642889158972,-0.08123126649517927,-0.04637178448360979,0.8839324176613469,0.132631312784736
5.675675675675675,0.8135836098027265,-0.4898747077649606,-0.15504509800067573,0.0579604178450152,0.8212326001740956,0.12074855725364166
5.685685685685685,0.587033032719936,-1.7034741730472103,-0.22747998376827544,0.02547755088154029,0.9014213888333347,0.10819355302880933
5.6956956956956954,0.7040693034448814,-1.1530922891972768,-0.297891699773548,0.11287874836873951,0.8580320855565803,0.07005363224465785
5.7057057057057055,0.6367445833736961,-0.3187336913045076,-0.36565401573294376,0.04609461468892323,0.839465015118291,0.09991641667999297
5.7157157157157155,0.752614651489061,-1.6474835526557254,-0.4301642646935083,0.1994250446476362,0.8481316539342841,0.08400728793952503
5.7257257257257255,0.40943615919872445,-0.6067626640086542,-0.4908487030541857,0.1390372413228841,0.8811244349386385,0.08967808129887321
5.7357357357357355,0.1810849260682481,-1.5560389837697224,-0.5471676133475147,0.14144021599893786,0.8390729478510934,0.08876397547749248
5.7457457457457455,0.1885329259692062,-0.22697248674027148,-0.5986201043985289,0.030011321477909927,0.833875625673673,0.07060223275653267
5.7557557557557555,-0.41838939065588304,-0.8045480575811464,-0.6447485661688954,0.15319906944026287,0.849460008178594,0.04127984232598031
5.7657657657657655,-0.20084774604495043,-1.5231761297840152,-0.6851427396657512,0.055257805103200136,0.8205469924727569,0.07995570855016701
5.7757757757757755,-0.2662986787877238,0.1309994329141732,-0.7194433657180774,0.05553785802957787,0.91022192284386,0.10580138355772478
5.7857857857857855,-0.743419634252243,-1.0416182016578366,-0.7473453801689789,0.019881809875327866,0.8383635176189137,0.0595546886371753
5.7957957957957955,-0.4815289310768419,-0.9438809098639473,-0.7686006270664,-0.0272171842845281,0.8800536086905172,0.10047046709414874
5.8058058058058055,-0.7234576620022652,-0.42282229849490627,-0.7830200657215705,0.1964215054706131,0.8611389573642881,0.15700805272932894
5.8158158158158155,-0.9454308680660352,0.1734362698170336,-0.7904754520059557,0.09778739486848388,0.8250685830901456,0.1306916966575672
5.8258258258258255,-0.8831704898675697,-1.1340274556100214,-0.7909004789335647,0.10745126875386866,0.8541757130779725,0.14930624527361588
5.8358358358358355,-0.7169780458611038,-0.35828264139720317,-0.7842913663844331,-0.1824664793230458,0.8776241874834265,0.1117338363079818
5.8458458458458455,-1.0930841780742406,-0.1205722928907429,-0.7707068947243935,-0.1170535942952169,0.8482060138012646,0.1350252946895934
5.8558558558558556,-1.128209014779399,-0.07171382909871643,-0.7502678820221133,-0.26269159885809146,0.8893969919791345,0.07828105808596639
5.865865865865866,-1.2610077397924078,-0.40870848434231516,-0.7231561095129626,-0.24839644479902398,0.8839988151368093,0.08066979198934048
5.875875875875876,-1.3274039692600712,-0.6165949525652438,-0.6896127048664433,-0.29563214137940197,0.880670548742853,0.01782579381587583
5.885885885885886,-1.0642392258016828,-0.9114272683923766,-0.649935997636133,-0.14735116958973699,0.8390631496846629,0.13558436422126896
5.895895895895896,-1.2872790318647565,-0.2746489798255479,-0.6044788659654533,-0.2966115742239205,0.820207329169158,0.1462097193945966
5.905905905905906,-1.0998958071231086,-0.8356073196921823,-0.5536455981471848,-0.19127294653473384,0.8339447241914686,0.08340468263958192
5.915915915915916,-1.1164932972129207,-2.0504909329157956,-0.49788829694951464,-0.23328680788100514,0.8579893303221038,0.09238144880808295
5.925925925925926,-0.8907008574440984,0.027894141247232936,-0.43770285868800235,-0.09509679714467995,0.8682254532578225,0.07738413658927117
5.935935935935936,-0.8149913469164702,0.3470955382115811,-0.37362456280484013,-0.3885201973422265,0.7864544594587881,0.11147960654432475
5.945945945945946,-0.5982330051160901,-1.5188858110705306,-0.30622331118109064,-0.1535633862843583,0.8511079553029988,0.13374797635909724
5.955955955955956,-0.7072771229858076,-0.9235169075173871,-0.23609855952257383,-0.1406756217092206,0.8558437778607967,0.047716840783568776
5.965965965965966,-0.5381989776204966,0.2162390676505354,-0.16387398589886773,-0.283106922907035,0.8425245231613844,0.11228315591926757
5.975975975975976,-0.5036103613679624,1.1759979126269735,-0.09019194385261567,-0.09325996308901253,0.889338815771077,0.09169984684842564
5.985985985985986,-0.27687972091367646,0.06447043909700836,-0.01570774941218543,-0.11242354745461292,0.8630037525778764,0.10340183175900068
5.995995995995996,-0.0037584104793190742,-0.4887325783767195,0.05891614718190186,-0.12114072534403067,0.889405857342527,0.11376982005022873
6.006006006006006,0.20403076999567002,-0.24099477636178998,0.13301605320100748,-0.13194616992283992,0.8433710342393429,0.09435392683681537
6.016016016016016,0.10156382364311689,0.9247973375295669,0.20593293620294742,-0.08744728187758755,0.8777239243748074,0.09689239439782658
6.026026026026026,0.51594490043681,-0.3567353967175674,0.2770182853587388,0.16807196435500787,0.8984013411851749,0.09358374497336083
6.036036036036036,0.7283732913690256,-0.46171966528830866,0.3456398792017854,0.034805993536192265,0.888449902577279,0.12910948605364844
6.046046046046046,0.7182698860758999,-0.19543981341832106,0.41118740850221924,0.12352984471500726,0.8160846010459868,0.1125627988038249
6.056056056056056,1.0586308298485698,-0.41156275031582973,0.4730779042573148,0.018482441464543725,0.8409883162723272,0.10661750613212083
6.066066066066066,0.769619858093266,0.2312883278455114,0.5307609225224478,0.03398341441986737,0.8379934071848545,0.061871448367231525
6.076076076076076,0.7935710391347657,1.0350930008054877,0.5837234399695043,0.19082485792611065,0.862775734150388,0.08864260770360538
6.086086086086086,0.7925518579338995,0.5327754757551084,0.6314944166324095,-0.00283481546521476,0.8684384544982838,0.12696007481017524
6.096096096096096,1.3461170347239546,0.2479077386936952,0.6736489852595433,0.06569343614499665,0.8224308173768254,0.10113089719371769
6.106106106106106,1.2644902997957885,0.2042380388156053,0.709812230013581,0.08852095444760319,0.8493825027648555,0.11978594408767415
6.116116116116116,1.1841922129699396,-0.6721766504377494,0.7396625209115961,0.07514542105365483,0.7864992771324131,0.152995354009829
6.126126126126126,1.2418751400680719,0.8996961025678195,0.7629343743495363,0.0265624225361717,0.8901051970209035,0.1311581820762645
6.136136136136136,1.0194457470946827,0.3675407576793679,0.7794208142699489,0.04230135064803084,0.8312253693762958,0.10279475013099228
6.146146146146146,1.5247439593762144,0.382785463654701,0.7889752129731875,0.03195027729559776,0.8480222645416812,0.0846703248941282
6.156156156156156,1.1285793927890555,2.44046848888738,0.791512595200185,-0.0014952621905522032,0.8368066046764543,0.023393512118323065
6.166166166166166,1.059392809113138,0.6191555123581216,0.7870103938885018,-0.17731202130989626,0.8802266730962484,0.09494845232581443
6.176176176176176,1.0691545807696432,0.08113056708729477,0.7755086508800934,-0.15942458109892563,0.7604704023536742,0.09276896503093283
6.186186186186186,0.934572334602759,0.3329015209989621,0.7571096607957117,-0.07808586735095,0.844847035075568,0.12187946041382126
6.196196196196196,0.7845068158640491,1.3836089707901622,0.7319770612432894,-0.13651230031777783,0.8419205323701642,0.1181539193799878
6.206206206206206,0.5089900935421713,0.7277690085720617,0.7003343774518226,-0.3485752965757827,0.8312357532170944,0.13060280043218533
6.216216216216216,0.5650017514632026,-0.1716222547047383,0.6624630342745419,-0.23647186439184276,0.8963813909636636,0.10891869545757069
6.226226226226226,0.6354947008543965,1.2106160275012614,0.6186998532423231,-0.4429801107665554,0.8177244605786712,0.16058072805656431
6.236236236236236,0.40833238624026,0.38783025365556145,0.5694340569280703,-0.29469672386191764,0.8672479794111639,0.23365116333563657
6.246246246246246,0.2955622772186944,1.8554787517596518,0.5151038072648455,-0.1534937580511146,0.8545314275050263,0.3051471083547135
6.256256256256256,-0.17092731734347316,1.3000090255394872,0.45619230860530813,-0.3809244690537571,0.8814391711696591,0.2884199038911482
6.266266266266266,-0.3920256654708856,0.5861790019603719,0.39322351018123364,-0.36456267357886624,0.8233276708000182,0.34178644055753116
6.276276276276276,-0.407943792596187,1.5874459132157164,0.3267574461847851,-0.22264583536773852,0.8211040261193804,0.40360346574558986
6.286286286286286,-0.5200595986782274,0.7882204108346249,0.2573852549160122,-0.3868933446019204,0.8757249400671648,0.3957618056111632
6.296296296296296,-0.49528204591432246,1.2754279604364358,0.18572392129549747,-0.2882839705640699,0.8553522318424959,0.4776244954593618
6.306306306306306,-1.033852802121591,1.135068309095032,0.11241078950144143,-0.1595749966714419,0.7959942219420396,0.4918815493111479
6.316316316316316,-0.6587974881232284,0.3673113893321071,0.03809789453476197,-0.224193265652871,0.8259129416581941,0.5879239678017291
6.326326326326326,-1.0061422100258377,0.48446337316694466,-0.036553836873499924,-0.15624541124929586,0.8534333214572837,0.614268578716227
6.336336336336336,-1.1251595001026393,1.5135850845892533,-0.1108804644364217,-0.04081104022130527,0.8667245182379892,0.6657505693614448
6.346346346346346,-1.2748612229535976,0.8208682990987147,-0.18422093928751454,-0.029997518491608824,0.8209644217455526,0.6791795318305559
6.356356356356356,-1.4154457664236546,0.7434284247569098,-0.2559229832411677,-0.007470561417219697,0.7536634113965829,0.7679992649948085
6.366366366366366,-1.0694688413936395,0.3553386268645733,-0.32534889004814294,-0.024021265701100004,0.8565375364129518,0.8512307962908146
6.376376376376376,-1.1888228172717001,1.2549899047391526,-0.3918811970506483,0.06050219012434418,0.8039809698922713,0.7976487258629402
6.386386386386386,-1.3812309938297007,2.0918877385311205,-0.4549281767941751,0.04364352543334528,0.779820176396668,0.8537414142813176
6.396396396396396,-1.351146231988925,0.3388116621636103,-0.5139290997546943,0.10684205326721605,0.7551203123405659,0.9033735167685005
6.406406406406406,-1.1581184239266995,1.1163590379805737,-0.5683592213753266,0.04055575513296561,0.8642592656457722,0.9485834499470062
6.416416416416417,-0.7907589564077149,1.795610709933222,-0.617734449058565,0.0688352070224363,0.8434481131017385,0.9325220452167731
6.426426426426427,-0.9969605491138247,0.8578107317190471,-0.6616156476066458,0.00027995000809211135,0.8325696479179718,0.8841103711492702
6.436436436436437,-1.0852641511470573,1.1993839213845723,-0.6996125448181896,0.065736992808511,0.8807598199779719,1.0249212257914528
6.446446446446447,-0.7848384611387456,0.2612736635718772,-0.7313872025052788,-0.013888776139189679,0.857958579329531,1.0170859432121293
6.456456456456457,-0.6652501898400449,1.1848613042438045,-0.7566570220604447,-0.06168388440387655,0.8870775898702461,0.947073787139943
6.466466466466467,-0.8953733667701216,0.8525287488653462,-0.7751972578424344,0.01939161990388237,0.7965562741733284,0.9811351493011562
6.476476476476477,-0.35772698590832563,1.4762631752464592,-0.7868430160271875,-0.017212945517026044,0.8370515693694692,1.0413162325104248
6.486486486486487,-0.2374411639175248,1.7127800638595,-0.7914907211465325,-0.007574058482130594,0.7893364365893974,1.0275794335202681
6.496496496496497,0.05161643229516028,2.6258597873143934,-0.7890990372714517,-0.1424499169517562,0.8307061176319236,0.9972604805339207
6.506506506506507,0.375349936477648,1.274950503780318,-0.7796892356470773,-0.11353525509818042,0.8298788617243371,0.9440250607566613
6.516516516516517,0.4162636081262026,1.3156746149170977,-0.7633450055097115,-0.1394619693624035,0.8558854962049791,0.927480886151507
6.526526526526527,0.3523103454461022,1.1540235509789458,-0.7402117097684546,-0.18311065598611,0.8382037532710938,0.8924975183896741
6.536536536536537,0.3658249464616951,0.8639663418813224,-0.7104950921712712,-0.31650313903286953,0.855288800734984,0.8977813780088083
6.546546546546547,1.0485643461111662,1.1397909314223371,-0.6744594474537439,-0.2657433698777002,0.8574395403305032,0.8016108045309331
6.556556556556557,0.7917298089283196,0.8753779785152804,-0.632425270744948,-0.27033812317995165,0.9007339464075804,0.7645154190073579
6.566566566566567,0.8928524438816771,0.9919348088633516,-0.5847664071361818,-0.314453039153503,0.826376936177252,0.7770965318115655
6.576576576576577,0.9809843270620038,1.8329800737020727,-0.531906726763902,-0.4907509210663288,0.8073549045655942,0.7013266460877667
6.586586586586587,1.0925970041910176,0.37305179890961,-0.4743163549780637,-0.31275221955853183,0.8427178437948276,0.6981510356056159
6.596596596596597,1.1027155773323347,1.6824933680049587,-0.41250749112414986,-0.14325669935338387,0.8110166842708988,0.5895811210682587
6.606606606606607,1.0820382358751666,1.6406598773347603,-0.3470298531260097,-0.33684657496658643,0.879293657887931,0.560335883836834
6.616616616616617,1.1113183057202747,0.7911900600340702,-0.2784657883845597,-0.3476418186751777,0.8260880434162275,0.4864238629557941
6.626626626626627,1.1948363225843117,-0.3034227922596606,-0.20742509447524932,-0.23512759329885277,0.8173670432981146,0.46684095460350555
6.636636636636637,1.1056791519141265,0.46871434521929234,-0.13453959570821775,-0.2107363111941537,0.8199446124495505,0.3757322155872067
6.646646646646647,1.0489493616711207,1.7109929549898508,-0.060457523786196676,-0.10722640275584873,0.855386356537983,0.36040011840835684
6.656656656656657,1.1222588017760513,0.7582264502136572,0.01416224746217188,-0.2675723168907673,0.8288511740866391,0.2888644924024639
6.666666666666667,1.0009839019281972,0.33429800142082544,0.08865606199839912,-0.07139339036166739,0.8140833287294218,0.3121633623992547
6.676676676676677,1.1813435796933214,0.4484093032722759,0.16236138402240569,-0.04562585316501527,0.883043640611789,0.27516755961352224
6.686686686686687,0.4595104924534703,1.3814424445578668,0.23462269045751005,-0.06851357369611565,0.8071477376129803,0.16744375019708949
6.696696696696697,0.9087484216002639,1.1931637570987703,0.3047973010654532,0.003060178979539134,0.8336495648035723,0.22879633529608348
6.706706706706707,0.8080286514288926,0.5973528545287455,0.37226109433931764,0.08762666983720968,0.8519015168806393,0.2372231171653829
6.716716716716717,0.17638585380414473,0.603514477760254,0.43641405833807806,0.09950171625395457,0.7831420287695698,0.1415945438173794
6.726726726726727,0.2945678892146212,0.5426522436453841,0.4966856270946669,-0.043020762500695836,0.8462396468740095,0.10353764838248909
6.736736736736737,0.14336445398308512,0.13939460828958242,0.5525397551363587,0.1263159704263782,0.7999283513171681,0.1948983923120514
6.746746746746747,-0.16208251487881425,1.6028376753825901,0.6034796849854827,0.060937485381741874,0.8560148147563513,0.06298028495636299
6.756756756756757,-0.2184396125092471,0.34153653211693513,0.6490523652391985,0.07027113617058132,0.8022015507235118,0.10060319400607295
6.766766766766767,-0.41755669634495274,1.4271639900236133,0.6888524799345312,0.06158915218736929,0.8516139017862966,0.10538866817895771
6.776776776776777,-0.13336709396746765,1.4327988453831986,0.7225260533622513,0.028263817613722285,0.8637555725694219,0.14035442861357245
6.786786786786787,-0.39483231184997214,1.2274660696873243,0.7497735982689373,0.11396104425153684,0.8561734260993145,0.11079216925380365
6.796796796796797,-0.47497016101181067,0.31584857571648994,0.770352779447594,-0.015186262138363377,0.8376195795272231,0.08504098312634646
6.806806806806807,-0.6774524285211988,0.8669214668149222,0.7840805690273533,-0.12967222222942676,0.8228908015419389,0.07146446888836132
6.816816816816817,-1.062645020748684,0.505562360837841,0.7908348742934125,-0.10660889122830244,0.8122869922895342,0.08974534539261594
6.826826826826827,-1.0654334578605402,-0.0509803788839667,0.7905556235596696,-0.09801817142672403,0.8734603700538425,0.06979217917164568
6.836836836836837,-0.9912245451061361,0.7436031532924463,0.7832453004364666,-0.05202690589833443,0.8080942224740498,0.1014347595935405
6.846846846846847,-1.3090017636091935,-0.21782490940185456,0.7689689217417701,-0.13969293775052086,0.7977168466217289,0.08307411460418541
6.856856856856857,-1.0619964920006255,1.172593190805956,0.7478534592522277,-0.291765462820761,0.8485396466295635,0.05517886620130749
6.866866866866867,-1.2297868731028219,0.16493301936011998,0.720086710436956,-0.05763839711966609,0.8044442242327334,0.1376543736512471
6.876876876876877,-1.2558893702569058,0.3750792879699044,0.6859156282175798,-0.2638025672786921,0.7995761731540942,0.08506982429712882
6.886886886886887,-1.0799931404855996,0.5784393300209285,0.6456441246093226,-0.20628450483688313,0.7845196999627349,0.06195589585074063
6.896896896896897,-1.0882171143610526,0.21192823419094925,0.599630367777292,-0.33776875852130356,0.813090282393762,0.09495222596537375
6.906906906906907,-1.1589718005362983,0.5589908208712672,0.5482835965473913,-0.29366119740168317,0.8248458766104326,0.10205114697902977
6.916916916916917,-0.8634390360472052,-0.04640906243859877,0.4920604807031548,-0.27288580907529736,0.8343698289068979,0.047605998232629
6.926926926926927,-1.1156174638349163,0.7471885603402182,0.4314610594394073,-0.23919635504344372,0.8553660141558114,0.10994943001377289
6.936936936936937,-0.7621204014755953,-0.621522609432481,0.36702429409543075,-0.24169866506346932,0.8423835142865503,0.06858527293929206
6.946946946946947,-0.653095229604198,0.26843703162204247,0.29932327472103454,-0.23955568556063594,0.8206001597397309,0.15133086427572362
6.956956956956957,-0.6643159141860768,1.4126787219880506,0.22896012310736907,-0.3116022074777556,0.8201302057846845,0.11571881536230205
6.966966966966967,-0.4350236336444541,-0.41006729271728043,0.15656063761422406,-0.3040447236048627,0.8411305498932813,0.08800300029672051
6.976976976976977,-0.5300229157466563,-0.4393586058688361,0.08276872742180207,-0.19946035028813772,0.8637526804634327,0.0776449668904795
6.986986986986987,-0.05675416171708628,0.3989805084605462,0.00824068570776175,-0.1161919113224032,0.8291147513098214,0.09685096877309128
6.996996996996997,-0.0730087916809075,0.223497806952488,-0.066360647316875,-0.1717034294939048,0.8110011494487628,0.1183837222474987
7.007007007007007,0.027118237015411828,0.21931135729304535,-0.1403717796001705,-0.031308352408392096,0.7950388447922585,0.09923517614244401
7.017017017017017,0.41201068729454676,0.3273556381104172,-0.2131344682390301,0.036121607294683486,0.7812184166422077,0.09348523578589431
7.027027027027027,0.29411620010905215,0.45700859231761465,-0.2840015737839006,-0.11919169497403252,0.84431241448563,0.10175110872453688
7.037037037037037,0.3272898217860265,0.6316237547370608,-0.35234281579115956,-0.08209456121371986,0.8414134297832608,0.08188423206289136
7.047047047047047,0.43534551548538447,0.1185707771883048,-0.4175503784343142,-0.0001834180894859025,0.8411447295770237,0.08970382219470888
7.057057057057057,0.8794531550248663,-0.2394391860023195,-0.47904431631846844,0.056346416081352546,0.8197137901830119,0.03742622683284989
7.067067067067067,0.7037382231192213,0.2059933144318222,-0.536277712419834,0.004222444740035067,0.8655313657000758,0.12921178692557103
7.077077077077077,1.252117114621689,0.9020560209021904,-0.5887415422762592,0.1620519868332344,0.8085495182355286,0.10896393340965287
7.087087087087087,0.7540772288002708,-0.37788510757042576,-0.6359692011675182,0.0884448716066701,0.851480899939039,0.07679632467899711
7.097097097097097,1.381452868387226,-0.7599753917075661,-0.6775406540213882,0.051243286435550164,0.8214102857228862,0.15696204944065717
7.107107107107107,1.2014460360898316,0.26860105789598876,-0.7130861711368262,-0.08007315754894588,0.8040717993819423,0.1026104944117716
7.117117117117117,1.1796102077597603,-0.30932801004244537,-0.7422896164994757,-0.09014610208136883,0.8398479812916049,0.0689156928407441
7.127127127127127,1.1178334581733336,-1.652461326300578,-0.7648912594436537,0.012217448980003081,0.8341109053823417,0.12570212264411376
7.137137137137137,1.2459400859129774,-0.02111569990036978,-0.7806900846544029,-0.21106229440898877,0.8322807543495794,0.11194144649527787
7.147147147147147,1.1481803669328245,-0.737771693818115,-0.7895455799648174,0.006620112828159552,0.8237596739830073,0.11183739956452658
7.157157157157157,1.2688438399707227,-0.6962303125850705,-0.7913789860482741,-0.12352715462241272,0.8199342786195662,0.08722733186045228
7.167167167167167,1.0525704172424244,-0.2521322528997138,-0.7861739968909901,0.11082868285241859,0.8924719806069339,0.11351487171334104
7.177177177177177,0.973707133109309,-0.3431998622394905,-0.7739769048150499,-0.0016565831514201712,0.8560982699264558,0.09214725129336718
7.187187187187187,0.7973152389212357,-0.17647024055285773,-0.7548961887620624,-0.2370738159833626,0.8420051271698856,0.11667824354937527
7.197197197197197,0.7305492607224608,-0.8320469560940639,-0.7291015494992054,-0.26464899402344433,0.8234240448161717,0.042851666379680846
7.207207207207207,0.6608161788775436,-0.14175480265787607,-0.6968224003283466,-0.20621011034470096,0.8500345358377199,0.08698379611062433
7.217217217217217,0.22396274050287485,-0.8268513479338617,-0.6583458267216903,-0.17439934046881403,0.835109412861313,0.15166465293424586
7.227227227227227,0.13650953125290385,-0.29617901687176207,-0.6140140330305361,-0.4606997442278015,0.8201054619025404,0.076987976337991
7.237237237237237,0.3031235274484684,-0.19044077320982608,-0.5642212989757642,-0.48511070818680757,0.8099621393110916,0.0818848510752044
7.247247247247247,0.06713207109338114,-1.1052215827518896,-0.5094104729884967,-0.39760605067816024,0.8163912986889381,0.08656115984650076
7.257257257257257,-0.13688272767687157,-0.0711582606086625,-0.4500690335886062,-0.29977130165499843,0.723455796492227,0.06355581592334071
7.267267267267267,-0.25558067893429304,-0.9850670701241783,-0.38672475383047017,-0.29814867055150274,0.8246363434972475,0.033751576713152445
7.277277277277277,-0.35118663764641167,-0.1728800452467329,-0.31994100737581654,-0.2370927016579976,0.8034137856647573,0.09308240804429162
7.287287287287287,-0.6228925876986748,-0.6239293924486704,-0.25031175794050337,-0.39723886114388274,0.8655979177663043,0.10407578272244972
7.297297297297297,-0.788715452175452,0.2600886088807047,-0.17845627667840486,-0.45972057378546893,0.8181478896919202,0.09842484794384045
7.307307307307307,-0.7620154999784219,-0.8579058099695417,-0.10501363448508581,-0.1744881592249628,0.7816484147312686,0.0956536431415634
7.317317317317317,-1.0450650546442377,-0.9145710358327764,-0.030637018205757538,-0.2747346197783269,0.8155706624432235,0.10129122612551164
7.327327327327327,-0.9297928637990817,-0.8230588906120372,0.04401207870160288,-0.3331908570603976,0.7854331842649417,0.13068524414652294
7.337337337337337,-1.3234795456219604,-1.124539216000215,0.11826973938089855,-0.12253174532915706,0.8307687890379406,0.09428661442212351
7.347347347347347,-0.9739017432528654,-0.24826224430741903,0.1914755283458101,-0.033637202440189126,0.8250447372465008,0.08277752268738192
7.357357357357357,-1.0997393846162493,-1.9135250824328542,0.26297836528496044,-0.07165792338419033,0.8448012549993141,0.09156623545335742
7.367367367367367,-1.1560800164937326,-1.5734590734266936,0.33214231566373675,-0.0664234940589664,0.7920893620649788,0.11738040279270327
7.377377377377377,-1.0520608826742897,-1.540006631593631,0.3983522466219449,-0.014689285212009367,0.81658580845241,0.1423608063562975
7.387387387387387,-0.9356693056588284,-0.2435514380548378,0.46101929786488205,-0.008965462934575636,0.7743646614525163,0.08115568782492466
7.397397397397397,-1.000627613154065,0.14618796811353763,0.5195861188904556,-0.07058044487601951,0.8361099085228064,0.10296801361086652
7.407407407407407,-1.3779904629560777,-0.9874698034090186,0.5735318259733722,-0.009959127297482877,0.8303809502280185,0.11015072325807879
7.4174174174174174,-1.2254603385374299,-1.0307635290625996,0.6223766348197726,0.09188425009298654,0.8294387151953916,0.07022265979813531
7.4274274274274275,-1.042579153352466,-0.9286094090793501,0.6656861276902819,0.07179005922251966,0.8143628852550225,0.10061251501638754
7.4374374374374375,-0.8452813171321875,-0.23896877449364462,0.703075117040274,0.04842669656339585,0.8265072507877278,0.056029784279737156
7.4474474474474475,-0.6584656280496262,-1.7451788234256034,0.7342110713149105,-0.06225995142947542,0.8619439870630716,0.046928490887818045
7.4574574574574575,-0.7202633723136743,-0.8717891537537322,0.7588170724303831,-0.020729843146480815,0.8050107358523032,0.11100239223676772
7.4674674674674675,-0.4490126454291319,-0.3903573868197852,0.7766742786380484,-0.20903249730103624,0.8174726688246158,0.08848375776007653
7.4774774774774775,-0.4484228998043994,-0.7889224213201532,0.7876238708671495,-0.05332659800538013,0.7804792740876207,0.10606841222863658
7.4874874874874875,-0.2796353874030737,-0.8545726568119085,0.7915684652356341,0.011048191437775481,0.7867649839648628,0.09946315068974951
7.4974974974974975,-0.24872979363018066,-0.41569913800635194,0.7884729791664828,-0.25849967126719625,0.8154969613553618,0.07070799854008608
7.5075075075075075,-0.025442303323493926,-2.481223194204692,0.7783649434064059,-0.22508081142176178,0.8454303187133696,0.09864237094106991
7.5175175175175175,0.05927698865112449,-0.46591930213478927,0.7613342571718865,-0.18850833103010922,0.8043736373345148,0.06300696084955434
7.5275275275275275,0.26049505664700345,-1.4259727661044619,0.7375323886002598,-0.14893201702642142,0.8047343159324482,0.14172917074004202
7.5375375375375375,0.7033391652250311,-2.103501344179577,0.7071710276168625,-0.3158134350552979,0.7993550042264304,0.05932088965420109
7.5475475475475475,0.5326831165373291,-0.6880585252971188,0.6705202031994885,-0.361511186153719,0.7952686111859816,0.09412644187094257
7.5575575575575575,1.1890823975214413,-0.19563375717460574,0.6279058817848217,-0.48427032846433926,0.8199102047323258,0.06873185235858256
7.5675675675675675,0.9748044514354011,-1.0444223490020512,0.5797070681762748,-0.33282314153390413,0.7658930814554514,0.11711263520082388
7.5775775775775776,1.0208791848775032,-0.4593855277090416,0.5263524347372783,-0.18527982942057825,0.8489887478605624,0.09005705886155492
7.587587587587588,0.9410531402107587,-0.08546278123844829,0.46831650884937287,-0.32694152185481135,0.7903476413664265,0.08443999841136371
7.597597597597598,1.2346010885467502,-0.11459610231497985,0.4061154525433538,-0.3443144435036496,0.8317171646232042,0.12559604635154664
7.607607607607608,1.08510734723365,0.09094098608899959,0.3403024718385764,-0.30331736870654347,0.7717098518879936,0.10088291775032657
7.617617617617618,1.213141438245009,-0.5515744036093717,0.27146289661912654,-0.310148248956694,0.829624763475946,0.11549933337807902
7.627627627627628,1.5833585581352028,-0.8038004452509003,0.20020897480558458,-0.34880535967254506,0.8294676475437442,0.07056022190447606
7.637637637637638,1.1704905671894494,-1.9196677653510739,0.12717442712218868,-0.18763398574688528,0.820585121219236,0.0578554916821748
7.647647647647648,1.3241202721666807,-1.0217214869659588,0.05300881088833882,-0.2014680840773535,0.778975953154815,0.10321623886120401
7.657657657657658,0.9948827383863325,-1.3201484319971477,-0.021628257037875062,-0.18165575072721832,0.816045004246501,0.09043460933515807
7.667667667667668,1.0263528226423533,0.4354278698625254,-0.09607296678414656,-0.2234242145886584,0.7728166227662766,0.11879304017361833
7.677677677677678,1.2121615762644926,-0.9173669144009151,-0.16966321928035394,-0.003572462363693546,0.8004751604051725,0.09760274642012351
7.687687687687688,0.7524794219069812,-0.7985333697560083,-0.24174451485936665,-0.018592056945344097,0.8386902008364676,0.10615226017703891
7.697697697697698,1.0049978619540556,-0.4980732862737015,-0.31167577427005894,-0.08265118286699447,0.8314586153696798,0.051298524101762694
7.707707707707708,0.7143144310802495,-0.7848555905593988,-0.37883504033123017,0.07116538672541951,0.8077627955835204,0.1566531081884277
7.717717717717718,0.3891925869151966,0.18224062765562984,-0.44262500951707306,-0.02430385183481424,0.7778128597793718,0.09507274044903904
7.727727727727728,0.4263514221132161,-1.1425442776507324,-0.502478344277008,-0.028395121324853695,0.8261744381720326,0.12092760911017597
7.737737737737738,0.3300628297194748,-0.7409403160434826,-0.5578627188430484,-0.014424635211737452,0.8071379936874973,0.07491724989341121
7.747747747747748,0.12723012403233433,-1.1968669366212246,-0.6082855536480903,-0.09005200004713784,0.7366968383593936,0.10924029706652023
7.757757757757758,-0.3523327300255283,-1.5044686351802594,-0.6532983962480318,0.08755175410618152,0.8295349508455516,0.06091465709425765
7.767767767767768,-0.37478157515959093,-1.0541117479251754,-0.6925009097844024,-0.10548597270801119,0.8050788207897149,0.11356203514779013
7.777777777777778,-0.4475519673235274,-0.684329483585249,-0.7255444335149231,-0.07279158869620439,0.8416290929950477,0.08932077746842502
7.787787787787788,-0.5598167775798947,-0.880906152615383,-0.7521350837451037,-0.16222710925222636,0.7724471897400211,0.10087571511806703
7.797797797797798,-0.5851086654858711,-0.9704655283150484,-0.7720363675817412,-0.030097014493013878,0.7097539406591751,0.12093922090390294
7.807807807807808,-0.7703948828267446,-1.3415951983672072,-0.7850712862620368,-0.06667019934132142,0.8131773205551605,0.0630237906633916
7.817817817817818,-1.1035971400040525,-0.6434470332732706,-0.7911239093516182,-0.11549305220878958,0.8133014648550136,0.07946524808161609
7.827827827827828,-0.9382372561792032,-1.5139915830905462,-0.7901404058108716,-0.20951732641927676,0.7535841554761108,0.11371972843260297
7.837837837837838,-0.9799231679869042,-0.11502491857932305,-0.7821295227593973,-0.2573731710121863,0.7746990676780559,0.16294664423640243
7.847847847847848,-1.0468543866515263,-0.4495167193335033,-0.7671625076805629,-0.16332038273919075,0.8864603361154009,0.09585752996015555
7.857857857857858,-1.010148341600596,-1.334543458117578,-0.7453724747580309,-0.27946567667487143,0.7943852351289395,0.11773408353771798
7.867867867867868,-1.0700953160645883,-0.6504114540096987,-0.7169532209799987,-0.2418924516432166,0.8252320725945897,0.0967908559042456
7.877877877877878,-1.1303383518701118,-0.9292981764183612,-0.6821575025404809,-0.36549303548545575,0.7835332582320016,0.158267367842689
7.887887887887888,-1.194821770782591,-0.1899584937410197,-0.6412947868670695,-0.3023696533349521,0.7400937158372081,0.04758334999104234
7.897897897897898,-1.399808173696979,0.5034934586475015,-0.594728500268259,-0.2286881398793708,0.7974448051486753,0.10283863134008074
7.907907907907908,-1.034405461330319,-1.3627976905946533,-0.5428727956793187,-0.29548749556731313,0.7943341654937193,0.05123367899313818
7.917917917917918,-0.9985150439523582,-0.23059827316052584,-0.4861888692538063,-0.3777957875586994,0.7900557048920008,0.02480285288389851
7.927927927927928,-0.9034804088666064,-0.353610911749033,-0.425180858560471,-0.319545682183486,0.79836257673661,0.10892386159353451
7.937937937937938,-1.0353579012698773,0.13492742992559376,-0.3603913588661586,-0.34774810295848496,0.8094795997009206,0.10418493388442378
7.947947947947948,-0.8922979062543034,-0.03739566885246391,-0.2923965973822782,-0.3096958520509085,0.7967977927636871,0.09145489186773396
7.957957957957958,-0.44692253894966416,-0.6507511786141826,-0.2218013083942596,-0.312300345466786,0.7631308660126302,0.09681417729880741
7.967967967967968,-0.4760261363429769,-0.2460439741928432,-0.1492333548537036,-0.27026246208951626,0.8153863445476589,0.19294898302213773
7.977977977977978,-0.22563667972427426,-0.6896138780316088,-0.07533814426806607,-0.20697596989060735,0.7420693978908779,0.09225474585905698
7.987987987987988,-0.1762020297571546,0.579106016684245,-0.0007728885518263062,-0.26737122855068624,0.7387895765817742,0.11530373083750226
7.997997997997998,-0.025722873542896194,0.030586143022435543,0.07379924110875705,-0.23153255589741845,0.822225464891097,0.08051905541158358
8.008008008008009,0.26129677631900433,1.180576418146981,0.14771501239168894,-0.22343188599693076,0.8150104079638605,0.1088569772512181
8.018018018018019,0.19198298113249368,0.23562125401346232,0.22031703051901178,-0.203518316419948,0.7978276885973284,0.09285298974833148
8.028028028028029,0.4283863570946615,-0.3091211497697826,0.29095958501841807,-0.1383868101084505,0.7574358441566472,0.08768444551810811
8.038038038038039,0.48266391157257543,-0.8693371945788841,0.35901439256655954,0.002672262857433813,0.7778117208288268,0.15456695596600975
8.048048048048049,0.6161448691988087,-0.9391461237067543,0.4238761848381352,-0.05524778799445869,0.7909163963682037,0.13531554889553016
8.058058058058059,0.7534912772985511,-0.9111961366079587,0.4849680916633996,0.07794387882599385,0.7506717294913251,0.10410239942197692
8.068068068068069,0.9390953388180225,0.3660440968456593,0.5417467716170239,0.05400823395501956,0.7761274385576012,0.030873641921681003
8.078078078078079,0.9255579655293128,0.4814277147564876,0.5937072444078879,-0.09867460648506352,0.8176179581933485,0.08916972330242291
8.088088088088089,1.2615680745932667,-0.6022650455659985,0.6403873820911697,0.11171947432359963,0.8406169587264742,0.1810908269321525
8.098098098098099,0.9978890225929739,0.7963887149526543,0.6813720191586816,0.11763579407247164,0.784964504967791,0.09308015000080876
8.108108108108109,1.1450355401130194,0.03396189046837393,0.7162966449530077,-0.04010719645135079,0.8199919479267802,0.13309652716160975
8.118118118118119,1.1295558340971397,0.39985239366064596,0.7448506455656233,0.053313458741684125,0.7396252449294229,0.14325827205857802
8.128128128128129,1.4161196732883552,1.4981845378219187,0.7667800663862103,-0.07414702671076127,0.8165803340302051,0.10656891747567926
8.138138138138139,1.2131657805115919,0.9328836814991027,0.78188987073341,-0.027848743727442168,0.7724280941047221,0.07474535104395544
8.148148148148149,1.3043640956988807,0.43428535493529974,0.7900456744791614,-0.17048825992330818,0.8055166647975354,0.026940630046513356
8.158158158158159,0.8744922633786545,0.007091855166715705,0.7911749412391529,-0.2488655549202808,0.7886134734988547,0.12052489625826865
8.168168168168169,1.0677826549524003,-0.7484443468194262,0.7852676274995575,-0.1732593458616088,0.8354082160893107,0.07555731991529356
8.178178178178179,1.0753282696072013,0.1289922603692698,0.7723762719424005,-0.18954289938981153,0.769312476095348,0.10528451355663077
8.188188188188189,0.8535010025124239,0.46219221682232725,0.7526155281751195,-0.2469357850209905,0.8141234842221502,0.06250538981231908
8.198198198198199,0.8869631077760589,-0.16332512543208533,0.7261611450201328,-0.3425136768227161,0.7866598211461491,0.09204287378589394
8.208208208208209,0.5240400435900611,0.5073846692067756,0.6932484034335713,-0.30847220755003574,0.7900456304545048,0.1010115716470316
8.218218218218219,0.6780205903374978,0.7468247433968286,0.654170023954922,-0.2786123235647475,0.7890289277497682,0.10805780743132894
8.228228228228229,0.6690647836034287,0.5183010215064126,0.6092735632984657,-0.32155464916035303,0.768924101159471,0.06655533437942758
8.238238238238239,0.1222923414782135,0.17808525511689166,0.5589583232406983,-0.31465533401808515,0.7936210750668439,0.13590732846284057
8.248248248248249,-0.040411717498642516,0.8002051262145229,0.5036717992956562,-0.3872260465068952,0.7919143471301391,0.08209315645804087
8.258258258258259,0.09369947496895838,1.1267048298024833,0.4439057007630201,-0.23714014220859558,0.8007807509957454,0.04976591618640266
8.268268268268269,-0.03612989599169433,0.1920140791051223,0.3801915775460521,-0.4152135042897628,0.7958284476640791,0.09672929740109609
8.278278278278279,-0.4959372193061424,1.6086533019540799,0.3130960926336727,-0.26566912872960147,0.8169828795314101,0.1010312592707938
8.288288288288289,-0.6183812101251418,0.8038107581656805,0.24321598229259533,-0.18755737298621156,0.8204980512742138,0.1048176829951528
8.298298298298299,-0.726690080022556,0.7878523290951333,0.17117274879255176,-0.21573629071839195,0.7610238428877085,0.14086397211055238
8.308308308308309,-1.0043438251483545,1.112700583111162,0.09760713286678571,-0.23815106794106822,0.8183554673100154,0.09290653489792422
8.318318318318319,-1.0460438943786199,0.9074576970077869,0.023173415068801016,-0.2287219254163747,0.7564519492287464,0.09641141126893686
8.328328328328329,-1.1500848353817439,1.5549699126842915,-0.05146640329189288,-0.0660924583319653,0.8094274684359238,0.0669044685630072
8.338338338338339,-1.190057303187927,1.024134922487479,-0.12564848788106409,-0.2246648600743876,0.8101337050826276,0.12461660508663691
8.348348348348349,-1.1385288195650103,0.5017057235180912,-0.1987130753737754,-0.15094783836268844,0.7339517845414162,0.10552927192234311
8.358358358358359,-1.1387233122793732,1.095534187090705,-0.27001034128145496,-0.06963099657871286,0.7938304184369233,0.08739916818117512
8.368368368368369,-0.9632604496182924,0.3818020312736125,-0.3389061793845829,0.09347656375825182,0.7767359073899812,0.042859759196036094
8.378378378378379,-1.348671865556436,1.1231015639913888,-0.4047878413697162,0.05278650127381932,0.7677775828024793,0.14333236585165263
8.388388388388389,-1.0354081483653872,1.096718101908942,-0.4670693865126865,-0.032421900079893665,0.8308158602112604,0.06316960106631829
8.398398398398399,-1.1805977538317483,0.8118959091592862,-0.5251968929395897,0.036704478331736144,0.7704296658209174,0.08226165971890884
8.408408408408409,-1.1032131490554435,0.9054141469610592,-0.5786533841173058,0.02221309926532493,0.7655984819162482,0.1107503353322801
8.418418418418419,-0.9245489457433226,-0.2831052828549566,-0.6269634267582129,0.017397270381346967,0.7918103877396923,0.06410326214149942
8.428428428428429,-1.107949054684497,0.7637476561194195,-0.6696973592460651,0.14822258694373783,0.8098569816782418,0.0551947066524057
8.438438438438439,-0.7811014128952343,0.9436407573367934,-0.7064751129761446,-0.05101753232923166,0.7847895814587352,0.036281572518980065
8.448448448448449,-0.6991676556441462,1.1001699753526109,-0.7369695926232178,0.1697300438610485,0.8237799051588663,0.12162990858716907
8.458458458458459,-0.5244975158879663,0.2871068068311824,-0.7609095852738758,0.08373354022845456,0.8044678083974612,0.08364441265821035
8.468468468468469,-0.4197641742082116,1.7074130038299908,-0.7780821725498113,0.07618850460974955,0.7229419486963453,0.1878181027741999
8.478478478478479,0.04769988162521216,0.41102928578358516,-0.7883346242690438,-0.08064171599106654,0.7721540291328278,0.0701693480310738
8.488488488488489,-0.2686457149192508,1.5323904359239575,-0.7915757568031772,-0.09092470716086976,0.7709325248072368,0.07235646929713237
8.498498498498499,-0.10229030899162683,1.2131756753468068,-0.7877767440496655,-0.23042804804646513,0.8019183661404202,0.08303821089143797
8.508508508508509,0.03458987948191514,0.568044878161942,-0.7769713738064608,-0.19479144566650564,0.7085427755960639,0.10729403965415468
8.518518518518519,0.19341747701689865,2.1301614067793997,-0.7592557472688622,-0.14923011976694026,0.8635073282985687,0.08844323974187897
8.528528528528529,0.3254359919256205,0.19141524354021472,-0.7347874243212077,-0.11850867144927484,0.8027175696336131,0.12853844100203535
8.538538538538539,0.7370481578188763,1.5618155052106306,-0.7037840222250417,-0.3405964630921844,0.7910028406540672,0.0934134244895688
8.548548548548549,0.9005943427689056,1.6861775136437043,-0.6665212801667718,-0.3063744989444221,0.8217333177788606,0.09876660066138174
8.558558558558559,0.7198655191466596,0.5396978831886456,-0.6233306068784807,-0.30871626355425424,0.8563456576204147,0.10835422119051409
8.568568568568569,0.7858546137960767,1.7549335441402814,-0.5745961331428605,-0.42140999215609387,0.8119081851234379,0.1220725378929504
8.578578578578579,1.0722596313553412,0.801214152883896,-0.5207512953968748,-0.2687427217046728,0.8139999284296842,0.20380956152736815
8.588588588588589,0.9937265944886354,1.229115504483896,-0.4622749808190038,-0.3731983149614024,0.7892059860192168,0.244640470048936
8.598598598598599,1.2295006197759635,1.1241294966234523,-0.3996872681849831,-0.32306969894390075,0.7807892624340266,0.2724025545790214
8.608608608608609,1.2050716020243275,0.8192700730833824,-0.333544802372305,-0.3289418523117612,0.7705109214646377,0.36925428226592233
8.618618618618619,0.9687821109388567,1.4565603854507663,-0.2644358436517047,-0.3349671946876203,0.7597511747830982,0.41187002732524974
8.62862862862863,1.430878451910102,1.3073669917346196,-0.1929750357965535,-0.2458273696124938,0.7636738612932994,0.4100445340738357
8.63863863863864,1.4518004035254668,-0.0879706603305838,-0.11979793954168819,-0.23128658657782375,0.7435173551037445,0.41280244076503964
8.64864864864865,1.0554817781144432,1.7082185884926013,-0.045555380010217264,-0.2089774353186147,0.781507640263233,0.4970950992594611
8.65865865865866,1.0360947951876387,-0.14379089192974753,0.02909234161870073,-0.20032722234642297,0.7329935062167419,0.5439845928294869
8.66866866866867,1.066688288440806,1.4153044170151468,0.10348132072045922,-0.07823782906346083,0.7890107790075945,0.5900124384093333
8.67867867867868,0.9873570796731576,1.4516334986439343,0.17694995388417178,0.0664766334620481,0.7819431147917628,0.6358654478250543
8.68868868868869,0.9345406945599869,0.217594640303636,0.24884482310516626,-0.018224055667580195,0.7871908417343835,0.6830536028813694
8.6986986986987,1.0226534418107016,0.6632430538892401,0.3185265071778156,0.083813460743502,0.7668685854319327,0.7351920457295522
8.70870870870871,0.5685490982971533,0.07822746988781883,0.38537526860318005,-0.07758109674013212,0.8745880933876974,0.7696231756894173
8.71871871871872,0.3399113004430328,0.6807911114995953,0.44879656543287694,0.07071920876795257,0.8228355090374414,0.8341357519845541
8.72872872872873,0.11005915897775503,0.4009635064983455,0.5082263390279517,-0.011125741429529698,0.7444455067792402,0.874745245987889
8.73873873873874,0.05961009231861236,1.1527022270107057,0.5631360307041277,-0.029456789227668256,0.7885175741543385,0.8691059399279831
8.74874874874875,0.013898600937383872,1.4935814253365223,0.6130372826462775,0.034645290424379284,0.7630410969931616,0.9631232233673427
8.75875875875876,0.13737122567666257,1.4520201017445367,0.6574862812829351,0.18715167223012635,0.7505966392298086,0.9199065647202387
8.76876876876877,-0.358051330012527,0.25198703487546537,0.6960877044916218,0.1588071723199499,0.7405786186470626,0.9205672614390922
8.77877877877878,-0.39100755020577926,0.46141993790879715,0.7284982375290943,0.08659702602191245,0.7934970312533082,0.9955688831074837
8.78878878878879,-0.5644960780101062,-0.3707782434992806,0.7544296264165351,-0.07718459896025105,0.7598388732281931,0.9697485155921749
8.7987987987988,-0.5123492323066501,0.09232567363573599,0.7736512416232786,0.002723159569105481,0.8090648107507862,1.0090009571772645
8.80880880880881,-0.4292308483831984,0.9650270479578689,0.785992129248126,0.011258047145867953,0.809593246215693,0.9272521550215269
8.81881881881882,-0.9927911067320465,1.3386499042783508,0.7913425314553836,-0.03330075346135664,0.820746961085873,1.0360444378690972
8.82882882882883,-1.0770368871366678,-0.276953609403414,0.7896548626430864,-0.23122698468449332,0.7537076762970563,1.0043143432077442
8.83883883883884,-0.9215976557834794,0.16608350811003558,0.780944132661566,-0.1919268475853945,0.7932899973497893,0.9240869833786622
8.84884884884885,-1.033500664237879,0.22156596108570253,0.7652878133182959,-0.162066195160824,0.7977524052780478,0.9049451200600686
8.85885885885886,-0.898393060396935,0.5571386352619596,0.7428251493563116,-0.14822454962246065,0.7643031832754096,0.9751592407100576
8.86886886886887,-1.108850875935533,-0.12745527430657635,0.7137559200342318,-0.39771650513491197,0.755125119556492,0.874303895438519
8.87887887887888,-1.2524685426907818,0.736900682742697,0.6783386623222337,-0.2614832006849958,0.8263136480013072,0.8389086390487644
8.88888888888889,-1.0931710790108038,0.0269147901460906,0.6368883715165216,-0.2581793206195528,0.7846026540497394,0.7599045139013079
8.8988988988989,-0.9799838520305061,0.334272800483795,0.5897736997226954,-0.2166122586078361,0.7966065600488796,0.7781660624858374
8.90890890890891,-0.9696233171308384,0.6213522404831886,0.537413677124231,-0.23740201758072735,0.7526149969224394,0.7399567057614124
8.91891891891892,-0.945743860613874,0.08538610488711001,0.48027398519658615,-0.24744708733057832,0.7404484930313612,0.7241222826561982
8.92892892892893,-0.7748258992618151,0.021050875336156613,0.41886281501230294,-0.352173621878088,0.7596932835420135,0.6148246620964674
8.93893893893894,-0.65765262880202,0.14212048311407022,0.35372634747279547,-0.42802998869189357,0.7728058849048266,0.5641178835104567
8.94894894894895,-0.5107790550134796,0.1473386434383145,0.2854438956647278,-0.2875590457263282,0.7443496760717558,0.575508113690293
8.95895895895896,-0.4945047911409254,0.22066969386749857,0.21462275254419894,-0.15088069460291975,0.7757306817665145,0.5442981546379246
8.96896896896897,-0.4812354697958378,-0.2246741543918473,0.14189278977254938,-0.08946730292817555,0.7251206201337207,0.41948550362726206
8.97897897897898,-0.29130875952950774,1.1631555279103394,0.06790085574080101,-0.11010884657388337,0.7419241028514294,0.45253404628616295
8.98898898898899,0.015463539409061727,0.34814108002453364,-0.006694977394049291,-0.09587111573384324,0.7954026127235816,0.37615537628161033
8.998998998999,-0.13763469205457243,-0.15115714625751958,-0.08123126649518389,-0.06164638386613641,0.7931387406333619,0.36470626852254684
9.00900900900901,0.19086364204581763,0.38623280499922497,-0.15504509800068034,-0.09816879525743205,0.7630184718131687,0.28923905455798843
9.01901901901902,0.22507663050091625,-0.29394506540866033,-0.22747998376828532,-0.026942177239076687,0.7439915952522159,0.17800154189609413
9.02902902902903,0.4324149495372984,0.5672171256062437,-0.2978916997735471,0.1516426662661176,0.743452167728494,0.21479261064213867
9.03903903903904,0.7571318302907227,0.12580848978623832,-0.3656540157329429,-0.02632330950937653,0.7628259766457847,0.2205840774912044
9.04904904904905,0.7223557716034305,-0.33923823403248793,-0.4301642646935122,0.20446599225890377,0.7931093285231325,0.1354882828002759
9.05905905905906,0.818021450258632,0.1441996820844167,-0.4908487030541894,0.07005943638985238,0.8013708942638532,0.1285754031480656
9.06906906906907,0.7116261800988466,-1.1911093843770106,-0.5471676133475222,0.21602859113787642,0.7583773212088142,0.11748707108269908
9.07907907907908,1.1176227533503522,-1.012352614222961,-0.5986201043985282,0.004780255947559514,0.7384182502434795,0.023183058185905547
9.08908908908909,1.1766954877991453,-1.0285979168581736,-0.644748566168895,0.16445603685893145,0.7808080819087628,0.15268976716856258
9.0990990990991,1.461484904560334,-0.1199862253995532,-0.6851427396657535,0.05184603958643324,0.747816473403747,0.07295872960308478
9.10910910910911,1.1299868104236634,0.6605789481875397,-0.7194433657180794,-0.016014658771577775,0.7567246931064362,0.11517206297418398
9.11911911911912,1.2295971963969898,1.0019062653471298,-0.7473453801689804,0.0948339840273601,0.8117803047351331,0.09739896591555375
9.12912912912913,1.2357924858483613,-0.07028134394222318,-0.7686006270664024,0.132712220901168,0.7965852346287449,0.13772857169078082
9.13913913913914,1.417726159684563,-0.06219022309597131,-0.7830200657215702,-0.045648944886721915,0.7762607508890651,0.11218168367284244
9.14914914914915,1.130873030616457,-1.4774012177653213,-0.7904754520059557,-0.13150054278237794,0.7331137012378895,0.09295227185437077
9.15915915915916,1.1329836822422146,-0.6571527354655109,-0.7909004789335645,-0.05475124813051124,0.7773629180451408,0.0731945472244216
9.16916916916917,1.1110358218863055,-0.9935084007531528,-0.7842913663844324,-0.09122119085878544,0.8026504894943965,0.12393552104146417
9.17917917917918,0.9604477678522053,-0.8526639349721579,-0.7707068947243911,-0.07684577827341373,0.7592515105475545,0.04379676088136151
9.18918918918919,0.7633616005904753,-0.6530156741253538,-0.7502678820221136,-0.07956692551168228,0.8108036929698718,0.11937671260827679
9.1991991991992,0.7441894436954283,-0.7653326816110735,-0.723156109512963,-0.19218376512608343,0.8088023787055663,0.06702865745335382
9.20920920920921,0.7495702759786672,-1.8560286257795946,-0.6896127048664411,-0.06679781720713035,0.8196817547340739,0.1375685098586992
9.21921921921922,0.2986978222516682,-0.1271855071436807,-0.6499359976361303,-0.22000188859278488,0.77867681331546,0.10483898627988086
9.22922922922923,0.32961693443664564,-1.318715172669115,-0.6044788659654503,-0.2824171161651078,0.7868910202634497,0.11932371303550326
9.23923923923924,0.056756253767026116,-0.5443898528651789,-0.5536455981471856,-0.3938258992142406,0.8114446376689517,0.10245966441474158
9.24924924924925,0.19057788100981077,0.5463527334599019,-0.4978882969495154,-0.28915434794537476,0.782190586880838,0.04742868714577011
9.25925925925926,-0.367789532667844,-1.2588251648107687,-0.4377028586879985,-0.2911923832654021,0.7534814952848121,0.07417812509813985
9.26926926926927,-0.3715807372880158,-2.2760617854325442,-0.3736245628048361,-0.17660282672753147,0.7548119831724324,0.12017168012834148
9.27927927927928,-0.3750446943137686,-0.9234934850487417,-0.3062233111810863,-0.1989355891898491,0.7751746666312302,0.10499967452079532
9.28928928928929,-0.3338612627233779,-0.0019593418285136777,-0.23609855952256403,-0.3067430640090704,0.7290509251093812,0.13542969715917016
9.2992992992993,-0.7066292784752802,0.446123313307766,-0.16387398589886867,-0.16983010822116984,0.7632197500565917,0.11209823689111516
9.30930930930931,-0.8971131319815789,-1.4940563702352416,-0.09019194385261663,-0.09685403534344017,0.8001636808141749,0.07099894327892022
9.31931931931932,-0.6358657965333745,-0.5816038005262181,-0.015707749412180776,0.0078084895027973195,0.7012794014820586,0.07611807586838099
9.32932932932933,-1.2249406056126853,-1.2099931205070433,0.058916147181906506,-0.005435141814466984,0.8128012298206022,0.10308752171569713
9.33933933933934,-1.4113341481481436,-0.8624498686012736,0.13301605320101206,0.022968558258137164,0.8001877430776113,0.03057867801999685
9.34934934934935,-1.0721955927637559,0.7666130807906981,0.20593293620294648,0.004644389390057606,0.752473327791352,0.15020325656868955
9.35935935935936,-1.2522044343169385,-1.6879368264390293,0.27701828535873785,0.06653069434241812,0.7823177408521703,0.11325240209132673
9.36936936936937,-1.3501822784830058,-0.8130406549768068,0.3456398792017895,0.16771195766632097,0.7658601975729555,0.13681103791146618
9.37937937937938,-1.091929819149724,-0.6668049623239306,0.41118740850222324,-0.011042394642606007,0.802415226568676,0.05258188177572494
9.38938938938939,-1.1438652443498536,-0.4199161787481849,0.4730779042573185,0.09003838386706667,0.7947457595483636,0.13733695481065766
9.3993993993994,-1.2286458014634236,-0.9230795537024442,0.5307609225224554,0.07242264022204986,0.7230128933195248,0.16694496733083247
9.40940940940941,-1.2816001316560917,-0.6952184298043717,0.5837234399695037,0.17407066714472585,0.78238263716869,0.06037364933868048
9.41941941941942,-0.8869890406533384,-1.2404367236934495,0.6314944166324088,0.24463569300521962,0.758345678905217,0.123142053847113
9.42942942942943,-0.8325462979617242,-0.7628096241187082,0.6736489852595458,0.09385189988868985,0.7667492413798073,0.1000332983406188
9.43943943943944,-0.8424744863408286,-1.2031113530757773,0.709812230013583,-0.061115303903966106,0.7421688569849195,0.053666984552552685
9.44944944944945,-0.4350463647979943,-0.5885485972854336,0.7396625209115999,0.07917746312109261,0.8162078758373889,0.1147865191555561
9.45945945945946,-0.7457466475252903,-1.3054819480703104,0.7629343743495359,0.16149470314559544,0.7947153681105907,0.12500809614512046
9.46946946946947,-0.6780067755475309,-0.7623267382219887,0.7794208142699488,0.10277860903364228,0.7410701283440742,0.0819662034199346
9.47947947947948,-0.4098103021625634,-1.254771280911288,0.788975212973188,0.06151275113277951,0.7229746948057061,0.1349774956076567
9.48948948948949,-0.1648722490560676,-0.3387764400187273,0.7915125952001849,-0.030328116642742556,0.7511925838334274,0.04999709779632408
9.4994994994995,0.028953597419120663,-1.1612728574789002,0.7870103938885014,-0.1468330536607349,0.7755475918952517,0.05515731560651068
9.50950950950951,0.10687356180494954,-1.9668936948221476,0.7755086508800912,-0.03993413077283373,0.769468437580649,0.10409792186766258
9.51951951951952,0.34421293193144986,-0.17877488338859038,0.7571096607957121,-0.18327976623175055,0.7996059967550593,0.10076155833916815
9.52952952952953,0.2474145429094276,-1.5018056736671228,0.7319770612432899,0.02536625642989554,0.7854593534271874,0.07850279534727685
9.53953953953954,0.7885747499467048,-1.262874272671355,0.7003343774518205,-0.1327927754056791,0.7905985822840987,0.12428783307915658
9.54954954954955,0.6875129998886395,-1.4212188250322604,0.6624630342745393,-0.24914072277162896,0.7710669232795744,0.11592682942647849
9.55955955955956,0.9841967643645139,-0.01809367518689317,0.6186998532423167,-0.27014575194154977,0.7193320491046813,0.12574417212802047
9.56956956956957,0.9718738357833732,-2.1830400542208164,0.5694340569280708,-0.24081664446087275,0.7548898048263537,0.09630590693943197
9.57957957957958,1.078295339633123,0.894813913982331,0.5151038072648462,-0.2578241896424531,0.7923132027077705,0.11807740803935023
9.58958958958959,1.1686080452376717,-0.2361689052080544,0.45619230860530435,-0.14751722724572394,0.7587145724045209,0.08663049090910016
9.5995995995996,1.2065438524283714,-0.906004607198612,0.3932235101812296,-0.2130990740659959,0.7751027210687224,0.1616145607025979
9.60960960960961,1.2740358308844038,-1.0401930388214888,0.32675744618478086,-0.2709217160827558,0.7501973103023758,0.07562362689634045
9.61961961961962,1.3966311065553785,-0.8075704637731864,0.25738525491601316,-0.039287172507212004,0.7286151540532542,0.16315892288374936
9.62962962962963,1.2274479653807429,-0.647860866497793,0.18572392129549842,-0.1592052360270582,0.7555589373378759,0.10104663841268226
9.63963963963964,1.286101424993122,-0.6027037594333826,0.11241078950143683,-0.06970552598085245,0.7682804322999887,0.058734673312937725
9.64964964964965,1.1294289853182602,-0.4602963477285896,0.03809789453475732,-0.14447001824737868,0.7390881271749155,0.14104238051465803
9.65965965965966,1.3039852976496873,-0.8437812185095905,-0.03655383687350458,-0.029122220474938617,0.7514371711628084,0.10377704165184877
9.66966966966967,0.9143950230871851,-0.9514724826550766,-0.1108804644364319,0.0052939524164615955,0.7300743609986787,0.12553372295140713
9.67967967967968,1.1978284170030808,-0.9812587884610189,-0.1842209392875136,-0.13259058407569863,0.7915853555349309,0.1367156775562778
9.68968968968969,0.8188376937582831,-1.0902213708582216,-0.2559229832411668,0.21625679880515739,0.7489240850301168,0.11013866662435076
9.6996996996997,0.4943845766894506,-0.10770451654919289,-0.32534889004814715,0.19175583830868193,0.801090173861293,0.08223277465561557
9.70970970970971,0.6011522262976041,-0.5875600035801589,-0.3918811970506524,0.08605900407950265,0.8031196927734845,0.1292714013300775
9.71971971971972,0.3435186919478567,-2.5407981171841314,-0.45492817679417885,0.05383601373576172,0.7545756280653546,0.10002266522363787
9.72972972972973,0.42847020601045677,-0.46659704244149236,-0.5139290997546935,0.1880326115153073,0.7265032947803363,0.12057573455825257
9.73973973973974,0.0563991574428888,-0.4537042943524597,-0.5683592213753259,0.17878727527909896,0.6939295701745064,0.03538808278625617
9.74974974974975,-0.06315383633292095,-0.645978714980067,-0.6177344490585609,0.20496282616091754,0.7120951440654525,0.11340945151029556
9.75975975975976,-0.4302361388959758,-0.9097478590353942,-0.6616156476066453,0.18939511198257758,0.7147909612590462,0.08084242524564911
9.76976976976977,-0.36290985079197235,0.11370992637411201,-0.6996125448181891,0.20514924737625106,0.7971098445796009,0.14959928911535592
9.77977977977978,-0.8022420331846063,-0.13714631167665609,-0.7313872025052806,0.2644043333214578,0.7589802431223139,0.11869262043667286
9.78978978978979,-0.8129100182694238,-1.0336769846672211,-0.7566570220604427,0.17202902830528602,0.7669433909780149,0.1071957323754789
9.7997997997998,-0.5888354946285648,-0.3280777582285866,-0.7751972578424331,0.015375662561353615,0.6883923747369513,0.11458929980050665
9.80980980980981,-0.7014934767981986,-1.1244498924365156,-0.7868430160271874,0.17692672771903648,0.7188157618782369,0.07004677441369846
9.81981981981982,-0.8590629736214277,-1.2622872621022012,-0.7914907211465325,0.16469944664172714,0.7811168977978931,0.14869770071584162
9.82982982982983,-1.1568626283328476,-0.8269324668154684,-0.7890990372714519,0.24935521768058613,0.7628574776257319,0.15974111255250714
9.83983983983984,-1.0919186435757122,0.05833944265360759,-0.7796892356470784,-0.12941630321268083,0.7495878456434361,0.1117874053164465
9.84984984984985,-1.1411064896237193,-0.014926714117489054,-0.7633450055097133,-0.05596457831847606,0.7706990245117574,0.14771210705720916
9.85985985985986,-1.352101590535888,-0.1951300639364179,-0.7402117097684571,-0.2756461649745388,0.8025774376875779,0.08292555403982399
9.86986986986987,-0.9719975127688193,0.02771770733722795,-0.7104950921712716,-0.09510529993802058,0.7466219793471417,0.07608659301325058
9.87987987987988,-1.066140102859425,-0.05129863259914358,-0.6744594474537443,-0.20897993485556562,0.7550840970827452,0.10122774246186769
9.88988988988989,-1.212199330381605,-0.8143686256023627,-0.6324252707449451,-0.03155467323878472,0.758530660314692,0.11304823115103696
9.8998998998999,-1.1377004937706328,0.14277159946176882,-0.5847664071361862,-0.26149154256818014,0.8242657915607223,0.08818039956270639
9.90990990990991,-1.055112778306987,0.3222943562640635,-0.5319067267639069,-0.34200098746672497,0.6892715643196815,0.11613304571105451
9.91991991991992,-1.3201002810106246,0.2518107090526519,-0.4743163549780645,-0.24486935921833583,0.7724986924456662,0.10919168446220243
9.92992992992993,-0.9623656626165631,0.5007529055428386,-0.41250749112415075,-0.35842299364795827,0.7483076842889799,0.07005079674126835
9.93993993993994,-0.9244141457802166,0.22043893735270617,-0.3470298531260106,-0.12663292745774177,0.7685046532870269,0.11556379052355165
9.94994994994995,-0.8561957597252065,-0.021874316405387575,-0.27846578838456587,-0.3318372050065248,0.7315300746314095,0.12590584727564563
9.95995995995996,-0.6207984844953601,0.5228305542910672,-0.2074250944752557,-0.13851609841051185,0.7495320500752475,0.10514407952771174
9.96996996996997,-0.1725174947448726,-0.08949478866564249,-0.13453959570821872,-0.2763159699536438,0.7720930681347156,0.13457944309785078
9.97997997997998,-0.20259383617022664,-0.6913189268196446,-0.06045752378619765,-0.10120569600079315,0.8438878065318158,0.06347788619509145
9.98998998998999,-0.2362264846837734,-0.10254825590578685,0.014162247462170909,0.09301350679178537,0.7744913359323125,0.11403851266395555
10.0,0.0858874172034179,-0.45936231078985057,0.08865606199839259,0.02885183131485925,0.7245580320590848,0.06489157880809676
